indice,fecha_extraccion,titulo_puesto,empresa,ubicacion,url_empleo,modalidad,fecha_publicacion,descripcion_breve,nivel_experiencia,beneficios_ofrecidos
1,2025-06-07,Machine Learning Engineer,Bull Market,Buenos Aires y alrededores (H√≠brido),https://www.linkedin.com/jobs/view/4242465201/?eBP=CwEAAAGXSDZLZTOPipzbGTKcZ2Hv6nP-tAfKiTetElfZR52TJNe9OOLCprA9VC9dRnAlwuEzxFoyLGZdNRdFDkVZykNX-mH6dupjFCpNiMSkqZ7ukDJKJmo_D9nR0P6UfCroNtb9PzEykEGkM0OfKQwGrk537kTKzoxhC4gJMX7VzU5_byb5IHDJpUkKZCJexNvxBm4biaZ1fvMQ8gqGdTxmxxVqrIPzOqAdALQ7dK7DAR7qRsxz6JVeOWelV5tY3G8htyruF3ORKyxJ6a7aiB0Y_YgoacMAIUabxoWetiW1g4mcgyO6F_wl_8LkFgchs5gX13TKRF3TVGGiaE1b6HesdbSbKJKjZS4AOUUrBtAX1looqXK2FZi0vNfoVAFOg_C7Y4AcSh2GXXhM4I21tJUfQaVq6fn3gCF48Gyf8hQ56GYCwCU2Jogas9lLQh-jwQj1tb8G-6h8JRntMPjC0U6D5kod5v4non0CYvNFJfDM3vu75UnRZuAVHwFIDvsvIywMMJh_l0Wt8-AmTA6YMD4an3oWAMWgE9VfvQ&refId=O9vWwQ0h6tGZHdCsnUpXaQ%3D%3D&trackingId=3J9LbombMbpoQJMCEGlfyQ%3D%3D&trk=flagship3_search_srp_jobs,H√≠brido,No encontrado,"üîç ¬°Estamos sumando un/a Machine Learning Engineer al equipo de desarrollo de Bull Market Brokers!     Buscamos una persona apasionada por la inteligencia artificial, con s√≥lida experiencia en solucion...",No disponible,No disponible
2,2025-06-07,Data Engineer,Cove Brands,Argentina (En remoto),https://www.linkedin.com/jobs/view/4244979497/?eBP=CwEAAAGXSDZLZakWyFSiF51Z3ka_sc5LB0CwkzB6qs6bIoZg827KXhMwnLWGtPe0vcA9X4lCffsgJf-TI0TTq7YwNIODeSCgmClDBOKILJHHHq5GXOijqWdxkcc2pf88q2qj6HP7PBag9T_FwE5oI_SQrVQRBzPClWBGQleAHNcbezsgSE29gtAZLGwnru3Gmyq113PG5S0P2cXCPiEZS2YQPW8WIW-ClHjMqpbrozB-bjfLMiHhmWRcbaIT2WZi50gde_Zxh13AZykpnr2Ph_tsujSKZmgSOeRkfOig-KYEShIdTzTpWjgL-R9Ocebc3qeTXVXUIsIiAT16eXROlp2sQ-5kIbMUVI9N5aVWzeJqEmVr-AhTSS-B0YrFpImJdxVLZXielmEfcmbrwpMkq_IROBspaRaq1twAQYsw3D14PBR85z9Q90X3UoZWzEYf4Q4mT9xo_N0FAKLiwOxNebHIKIi3ImqvyA&refId=O9vWwQ0h6tGZHdCsnUpXaQ%3D%3D&trackingId=lOZBVH5wLVOfhdSo5RUSLw%3D%3D&trk=flagship3_search_srp_jobs,Remoto,No encontrado,Role Overview  We are looking for a versatile and motivated Data Engineer with a passion for AI-driven innovation to lay the groundwork for our company-wide data infrastructure. This is a foundational...,No disponible,No disponible
3,2025-06-07,Python Developer SSR,SHIFTA,Argentina (En remoto),https://www.linkedin.com/jobs/view/4240469682/?eBP=CwEAAAGXSDZLZe-Ibv4ui6CR7UBejYP4xAW4Kz9pNdFbXAFikQ_fdHDUM9hgtr8RrSY0XH7zbOOpQ78mL44IVcB04NUjnX6ffCEqzgpalL7mQFzKxa1tokWaXjX4tc_g0w3MT2IGMINVik_0I97ta7HDO6qdrCwvxEW8Cb9AwSpgDuInZKRirpd8_aMsNvFblwfrT_tRxaDTIeIpNiVULkkUVABe_txX2ahzZs9CfyFcb9N6NDQ4xWo5vNWI85MobGZht1BbYdGbed2ExuAS1Y6kcdxG-8dT0U_vzz8BdiWItkAwtLScK-xKenhwDsdKJ0DSMxfufb5UuXpQaDYrKV08SMpmrAeNxkleZcFNn3j-iPQAgcVaQIKJKR6ZYiHBzAx0ajp-Zv_ed0o6LZtUfc_cTqOEf-sE4JQ7VrYBICnRTsEPhDazOKz6j3JswlpecQkj5IDv2OMT1pw7rtGE8h__coH_WKri_IId9avUdSeYCxk_GArBNWR8U2YM-XCg1HmEzZP7qNCJUs4&refId=O9vWwQ0h6tGZHdCsnUpXaQ%3D%3D&trackingId=5q4%2FjnZWgTTfY5OnNFFptA%3D%3D&trk=flagship3_search_srp_jobs,Remoto,No encontrado,"Python Developer SSR     We are Shifta!  Somos un Digital Product Studio con el objetivo de innovar, evolucionar y resolver necesidades tecnol√≥gicas de negocio. Nuestra Tribu est√° conformada por +65 S...",No disponible,No disponible
4,2025-06-07,Desarrollador Backend,Worldsys,Buenos Aires y alrededores (En remoto),https://www.linkedin.com/jobs/view/4241273275/?eBP=CwEAAAGXSDZLZRr-HBpR8LthqqTNU6xW6eWRyWKMysRgsHT9ijFXmbTlZrGWovtXp79ekSS27flXXp4euMGMztr4Kgk8ds1BDZ8Vnnl_PPhkbyB2H1pPfRpRd2szHDTWqTfaTg2x1APHQiIcK6HHK_DlBP_Nm1daUQbfIr2aoJo9926zZ8ONALa2vNch6i5ntqM0n2hCNiGoD-6ReDXYcDmb1zQbXiPWmx83p0HTMcac-dm24zPrzkfNINLK1qxfclFDYOyeXtVhlQs4HSDz-He1VIQLI3dX0PGlvM_riECedw2JEmbbA0CXujU2og63NlDyS-wtMotm_K80g48Q4LZqqYJZZ-MZAiDbKUrWXF79N2JPSXa3ntM2CregDuD1F_vtYBy_JwWBQQbbyfKMCj6d9zD6K8QFm3VwFeMEPgsXo8fsPlCUnKCi0RFbDZeEut_dqRP7nsMWRcbkkYcW01c&refId=O9vWwQ0h6tGZHdCsnUpXaQ%3D%3D&trackingId=QnqFQGbj5GLdbBO%2FUutPiA%3D%3D&trk=flagship3_search_srp_jobs,Remoto,No encontrado,"üòÄ Sumate al #EquipoWorldsys.  Estamos en b√∫squeda de un Desarrollador Backend Senior con s√≥lidos conocimientos en Node.js, capaz de dise√±ar soluciones backend performantes, con bajo consumo de memoria...",No disponible,No disponible
5,2025-06-07,Desarrollador Python,Scanntech Uruguay,Am√©rica Latina (En remoto),https://www.linkedin.com/jobs/view/4244586788/?eBP=NOT_ELIGIBLE_FOR_CHARGING&refId=O9vWwQ0h6tGZHdCsnUpXaQ%3D%3D&trackingId=P1SfT0saDg%2FeGcdJJy79eg%3D%3D&trk=flagship3_search_srp_jobs,Remoto,2025-06-04,No disponible,No disponible,No disponible
6,2025-06-07,Python Developer,Mercor,Am√©rica Latina (En remoto),https://www.linkedin.com/jobs/view/4244509165/?eBP=NOT_ELIGIBLE_FOR_CHARGING&refId=O9vWwQ0h6tGZHdCsnUpXaQ%3D%3D&trackingId=1tqWk60lcF%2FfbpWl5OtmiQ%3D%3D&trk=flagship3_search_srp_jobs,Remoto,2025-06-04,We are hiring software engineers to assist a leading AI research lab with environment setup and dependency management for open-source Python projects. Your work will focus on configuring development e...,No disponible,No disponible
7,2025-06-07,Analytics Engineer,adly,Argentina (En remoto),https://www.linkedin.com/jobs/view/4245984727/?eBP=CwEAAAGXSDZLZegJ-9cW4oqJy00QDpPTM1vAzg3m6zCCpeNc7jIuXhy3rExqYbtzhJualBKhcxnOQgOAigluOje19gLzpHoBh6K_Sam7WAfpkNNpKAUTX28_1lvQD8Rl1ZPXR7YFEi33DeF-3YKLEny2dAdEpjaO4UlNn1cARiSs12EkJAqhw7iK85Y4wJhOOPr-6Z3T9mp8zWI4yUMBwcQuIQqImIRDaSGgyi4pQN-l8BsBMM3igBXAPEfazVGe8cs_74SALuHvyuZVbrEX_HCh0AsXRz-Ry_v6IQ-ct6WaNuJbFxtzW13QkZaFPeF_zHZjDSfXfL9T8GDD8t08ZDsHLu7mB1FUicMd22-axy2CKHEGOfWsq7pymnO7wqlVn5CPmZYHYEO4jt_-ecjcooUM_3TYQVt7j122yWZfxuiiQiABGBImOFh-T_YhdEkxfUieaZEDGBXx-Fc4bK7ImsXdCYqKYjfk_V6q8QuHZEHU-SuoTnnxt4y9wdIuTZvu9s-hazxABA&refId=O9vWwQ0h6tGZHdCsnUpXaQ%3D%3D&trackingId=Eb5pCXNuJG0oM34TeCRyZA%3D%3D&trk=flagship3_search_srp_jobs,Remoto,No encontrado,"Adly is a technology, data, and performance driven portfolio of SaaS subscription and content companies. Our founders have built, acquired, scaled, and sold several SaaS and content businesses, and ha...",No disponible,No disponible
8,2025-06-07,AI Engineer,Launchpad Technologies Inc.,Argentina (En remoto),https://www.linkedin.com/jobs/view/4234755071/?eBP=CwEAAAGXSDZLZSU42AseSa7rvuX4n_DW1Bsov3XGt2t60RdFCiOfxKuouG3yOyjg3le5qZJF6xEGGc-yoHfxVA9GmznUxdntoI-TSWSb9TbNNvSj9eEhiYICQ59zrFvZH2ic8UqKFroSPvYrMVGM78Wc3MbT3zg_hY03x14lcqLjCzKkIurb5fTNPsnrqvnPXDLH5le0ZZ8NN5JQ9yvz6Hx-6E0Ubk4z9CbXKsvarb-GDCxakt9IdR2eNshdf_vHl4Elc2_0BxjJmpR0_3Y3vdaF5sSRGI2xblAwEd8ywh0iWIHmihCW4w8jb6InIaBT2O1Kf2w0HQyN-sod1NhC1182OGXeOUK-Lgkss6NAI7_27faiSNOLYzRh_f2Zedno4gx4_F1PmPJMXHpiOsViBQl_2o0TWCRhgSBPqmTWYUAIJirP5cHGVzc8VVI9aIBHHBW8HthJyyHc3tMZ_ZmDRnNA4W5vcCuML1GryTCkHf1Rbm0p11fhc_uVGmmUcDnZgCqrGwKbpQ&refId=O9vWwQ0h6tGZHdCsnUpXaQ%3D%3D&trackingId=XvEgTHW6yV094MxERAIgow%3D%3D&trk=flagship3_search_srp_jobs,Remoto,No encontrado,ü§ñ AI Engineer ‚Äì Agent-Oriented LLM Workflows  We‚Äôre redefining how small and medium businesses access world-class marketing through intelligent automation. We're looking for a Senior AI Engineer to he...,No disponible,No disponible
1,2025-06-07,RevOps Analyst,RevBlack,"Buenos Aires, Provincia de Buenos Aires, Argentina (H√≠brido)",https://www.linkedin.com/jobs/view/4242459776/?eBP=CwEAAAGXSDc9k4ZtIbbIiSsCwepZ8CiJIyB6VR8TLtE4L7aGdoKTXCRsZHp9Kgi8No7tuKvGv3mC--zHQyKKAj7dr6baOpZdMeP8b6BTXbKb5llcd850ZAQrDqzEdIt3R6sLx02ldzPDe4jJ2MZhl6YRiiraKuFBVLJterlD6lB4pP2SDRD9OOU9c5x1Sm4630Dzsn4bXlGQAsP7qifJEAqF4UJGKN-J3AMGmt901c1LlR0z-tPc0zdwkAyu6-Fz4mNxyuMUsXWfZcnn6MZ4cnbK_2U9-AB6oGdEs8mWA4pawH2FNWKwHzjIXBX_lIUixJTnDkWPdoiut_YKAXKFNfnzkyB2QpdEuPLyHgJ3cha3k4Iqiu60aGzUsFFqCcddeL25DyTd428R9NAyhc0S9CeH58evsmjvmqu-hnZrSyFy4H9U68Ps5U611sXp3SbdEvlkNYo1PujfKDZH9PRRbqiFAzcRhXyFrROEzLW1JZ0Ky9kXvo-J_RBocfGPS3tz&refId=H5xbive1kCml7Ns6sphdVA%3D%3D&trackingId=qjRPZyoO68I9MwnIr0%2Bbfg%3D%3D&trk=flagship3_search_srp_jobs,H√≠brido,No encontrado,"Job Title: RevOps Analyst  Location: Hybrid (3 days in-office ‚Äì Villa Crespo, 2 days remote)  Employment Type: Full-Time   About RevBlack  RevBlack is a U.S.-based consultancy that transforms CRM syst...",No disponible,No disponible
2,2025-06-07,Data Scientist,Despegar,"Buenos Aires, Provincia de Buenos Aires, Argentina (H√≠brido)",https://www.linkedin.com/jobs/view/4237956213/?eBP=CwEAAAGXSDc9k8aXsE4rCRp-hpBMNMjHTXgrMLcd7VZWBBBc3TZyYh8u6iLTh_qXHS7JJjiCN4AX1Wsbx_SNTKLILyRdHq-ppbVMgStQfHCxY-5GyLLRdx1nNJcqQA69B-8fr6_JJdL5xyvZ3NOniUlz5lOwgGDgOObl2acS7FwuP_CxX-NWrS9MFY1DuNgHO7SQjIa5awaRu5g2BtMyiT7Ovq0XDoSKfgUTiNboJNsrL19Q13QThzUNrkbQu2QmslYnnuOmpTC9vLSIvTr0WCJFuFWifv2bDMbXKLN2CTJ269AuL_b6UQc-8PmDNwnTntxONtCP77bML-yY5dG2vph8eehsSA5HEI_BtS856LFCnnDMd08HUNCpg0Y2l2sRn9DOq0cZSTy-1Hvi87BswHXGRUFhyD1GujkilyGqPsq-H6JTAzoDQvLKnOkOy72BM2INRyCgZMrjTr65mdmsIrCLZA1cGPT791JCaPJGUO4-5aNEDiDrOnWBCidqg95zZmloAIIdY1v1&refId=H5xbive1kCml7Ns6sphdVA%3D%3D&trackingId=ZbDdDj8GCNl2XZS6oKowUA%3D%3D&trk=flagship3_search_srp_jobs,H√≠brido,No encontrado,"En el #EquipoDespegar somos un grupo de grandes profesionales dedicados a crear las mejores experiencias para que los viajes enriquezcan la vida de las personas. Trabajamos en equipo, nos involucramos...",No disponible,No disponible
3,2025-06-07,Data Science,Promocionado,Randstad Argentina,https://www.linkedin.com/jobs/view/4237429994/?eBP=CwEAAAGXSDc9k0achs_8ty9FQhAgKo2D_vnq0ZBfrvOuWqxZgHGHY0KvTow4pmKVtFZU_eAinlpEssDZGGpyNldgBLyORvsE8VZvqGcxQlNfzR8OowAcoxOPMVZzGKT1oBVYiu0jsdJVkQ_qCnZGyVR6VQCqYkfDS5DZdyH-XA0n5XdKIOLMZVsv35gHp67QWfLg2bD904TEpYv4e_ZznEXSTArZB1xJ3z22x26ub-vcfAVsxiSp97FWUcg_6iVm6vH4j8-OUYBVKBh_AWhuovEXP_USllr6MR_rzJnOBR4Jfn1EkMbTeAf4gRUEZq2hk1RvIRxUMdJsVrELZRDE2W-s8_hquFyy5ZO7GZxLWO-vjQHrw_ydWOcz1I_d-Juhc7ZahaiFggH6uwXaNLykKswZ3W1Mp-3Lcfss-GRuAqwHXdUYkH_RmEY7r0RwP_VE6mqysfZjbkfuaTNgFvRArcnroHtxjKh8Lq0Cx059RPnQ745QelB6zFQxXyI1WWuuVxrWJ_L-gA&refId=H5xbive1kCml7Ns6sphdVA%3D%3D&trackingId=9UK35DZlcS1wjl6D7rg2Jg%3D%3D&trk=flagship3_search_srp_jobs,No encontrado,No encontrado,En Randstad Digital nos encontramos en b√∫squeda de un/a Data Science para incorporarse al equipo de una reconocida compa√±√≠a multinacional.     Contrataci√≥n: Eventual por 6 meses. Se requiere disponibi...,No disponible,No disponible
4,2025-06-07,Data Scientist,Avenue Code,Am√©rica Latina (En remoto),https://www.linkedin.com/jobs/view/4240740109/?eBP=NOT_ELIGIBLE_FOR_CHARGING&refId=H5xbive1kCml7Ns6sphdVA%3D%3D&trackingId=W3clpW%2FNU5QQGu0nSXVByA%3D%3D&trk=flagship3_search_srp_jobs,Remoto,2025-06-03,"About The Opportunity  We are looking for a Data Scientist to support a major loyalty platform migration effort. This role will focus on validating data integrity, preserving customer behavior pattern...",No disponible,No disponible
5,2025-06-07,Senior Data Scientist,SHIFTA,Argentina (En remoto),https://www.linkedin.com/jobs/view/4243634242/?eBP=CwEAAAGXSDc9kyWDBAWRP9K6dzlmHjnAfbRB8Z4KtGBW2coOpEFdVco-_o33B4m9IphOXBXV8GR_yGbljlPvzuVXW7paFzhGF_k_MjjELfXmqIHU5HY1PoYIAAZNxICYUZ-xw_BhWQaFOAwJ5PsZlj_ePl1iIW5kboqjWYdFTIqfRPo7rvID3IgT7c64FSbnWiYtVRMWWXdAa568xZSeGOyEfnkUJkFeQpM0MrdWjPHNFVChH_21ksrU82u6h6QY582BIC8I0J1WfaGwDWAesLm9Fd8iaGRXB7f68cvM56Mocs96d_8eWLcbARh9566z0cU33zDXLK1DIaUuZXha-UR1qT7rPqV2qgksDU9XYJwJcMbWzHE7RX4B6l_p_0_69vHzjqZHtlo3GNKqEWeukd1oq2aet3CSHhUlltK-nrZpAMl3MxyVCMHmKjOW5KrLhJ2AJKxe_aCxIvC7svmua-PlOsll8vZCF0yyvCqTm1R-_mauquZBvaDnXCfAnvjyYoNINWff1BD46tk&refId=H5xbive1kCml7Ns6sphdVA%3D%3D&trackingId=70CsqyT9zcqoW6ugVzzWow%3D%3D&trk=flagship3_search_srp_jobs,Remoto,No encontrado,"We are Shifta!     Somos un Digital Product Studio con el objetivo de innovar, evolucionar y resolver necesidades tecnol√≥gicas de negocio. Nuestra Tribu est√° conformada por +65 Shifters. Nacimos en Ar...",No disponible,No disponible
6,2025-06-07,Cient√≠fico / Cient√≠fica de Datos,Mercado Libre,"Provincia de Buenos Aires, Argentina (H√≠brido)",https://www.linkedin.com/jobs/view/4225651918/?eBP=CwEAAAGXSDc9k_3el3u3iOAJ-L7uLwhn9acRlZU9keNqW96rDGFThmM6B6FN9t7ffP8BwIah0w5X8DoQahNV2Q7u7hcm1IDZCSDA66kcrPd9zvLDZtsc4f7PR-yCQbUiXuJfeJ6eD8_XajeUIjXa5y5F16inGajFBmqziF8Ta4g97ktAWHxvqd0QI38DIOgo4WrooleSacRVSkDn3TnmfzIu8fyegEvUkyk5H2BIP3jVNCHZVhaHfPnMKceHwfzE6nkSvL6I5lASowADgUVB4QEwj9MTD_BhaSyY4kYEUjGLQBghoYbJBS3w956xAZjOdsZF4gzHLg4jgImuM5FexNFGeZpaZqURX9Hr68Tamj9zM2-g_M2Qs8jEhTr6hFdP0niygX0_IbYI0LqYw7V679DipzsNKerAuCTCYYSLabYrdH-zEGkbShkK0rvTMV6VWdC_-_1cnUzca0OeS2ndVc-wlPGn3SmDNWKfpXyM-lnrAjtoc6fS55QTnygHLk9tUPVxV_n9GYEK8U0&refId=H5xbive1kCml7Ns6sphdVA%3D%3D&trackingId=LbGyVAmdYCnlhLzbgKWY1A%3D%3D&trk=flagship3_search_srp_jobs,H√≠brido,No encontrado,"En Mercado Libre, estamos democratizando el comercio, el dinero y los pagos en Am√©rica Latina. ¬°Se parte de este prop√≥sito!        Imag√≠nate emprendiendo proyectos desafiantes, din√°micos e innovadores...",No disponible,No disponible
7,2025-06-07,Data Scientist SR,Practia Global,Buenos Aires y alrededores (H√≠brido),https://www.linkedin.com/jobs/view/4240284509/?eBP=CwEAAAGXSDc9k_eD7thpHw0mLx16fX8336sPZwz4l9yyYGX1PbLtC_lduniNCYJIZV3oQWTGEqOIDVi5macE1HdWeJug53jJ2Q9zlYgfz5_SaE_zUunEs3m6dn0RNAGMf7zWu_AqjR4qGaZ8jYaFkf0j3ViC19BZSR_RGYlf65XAKwlXJ-9O_3Uxt3j6MOCY8gskmzXxl4KXo08iK2PoIVSpH8KMIwqiN3I58O5FeSgtGelLSfJ6l-lF_ZhniccojQS-2WbcHxW8vX5ktSGm_83XtjBwmRcsh3ToyCewXPVtomGXWvf1hO4EClnyacbNa4qnELuRLypit-4f6yfKpIPUcdpoN1gmE5tz8zrKTQdIvavPG9KdaB1cK42aAdWb0cEjFPz5PgP4tFR_ZtvSSAbFrJ0EyQ8Zrd6jKeSq7cDadHPH7DMEU8Zb1lxe-0u2uL6b4jY3k9Q1YkmeaecnSjBLZM7Dt4eJBzlMDQlxO_YLWanqiR_RA3Z2zWxUMP-QVneneWPNKZi1&refId=H5xbive1kCml7Ns6sphdVA%3D%3D&trackingId=iYBKU6Nwn52t27vZ7RccwA%3D%3D&trk=flagship3_search_srp_jobs,H√≠brido,No encontrado,"¬øQui√©nes somos?  Somos la empresa de tecnolog√≠a y negocios m√°s prestigiosa de Iberoam√©rica. Nuestra red regional permite responder r√°pidamente a la demanda, con especialistas en cada problem√°tica y ap...",No disponible,No disponible
1,2025-06-07,Machine Learning Engineer,Bull Market,Buenos Aires y alrededores (H√≠brido),https://www.linkedin.com/jobs/view/4242465201/?eBP=CwEAAAGXSDgaE2CD5Uh-rEBIvdcM6Ssd9FCPoKPYH_wQxuJnxEGQUhmuGcKGdxuMCRjOU6q6XF2ELnx4J_N5wFHhdZNb25EMwtPWNwK187RRjK9jqzHMd47c-U7oBqeIygLBrWQXARSXwkt9kzLR02nUiLaSZDpNCfAHt7JCOZS64qHHmdsyVTklahxPlheddBRNqC6t8Bu09fqAC82nlrHmsjXxCHdY5yZorfIV4zDjNTyw-P7-h8KNZKd5C9xETqQV40i-L5szHzl96FSf10_mudp_focaVRFRs5RoCLJxFlhB56AaCEvBQOdxe6gCcFY_E7ChyFQEgZp2N2hncNm-4JHgmOd7YDQKhqTu4UxJ8UVWGPmEE_WzpnAkGPi__vmH4mIGpOg6c5xdA1-B0zRmXjHBded8dtZ4SO1lb3o_ScSDEujX-uRt6Ogefs69r37ba4gM1rILli4WXliYHHwmzfZe2DNU3PqEJ20QT0AMUNI5Pl3nOv8VjvV3A0kS10gtou6cK81de6hTgLhaB5zRUTxL4KfVuap5S8nc6Q&refId=hwts1nFXfTv3c%2BEHZdoXjw%3D%3D&trackingId=staywlNBebCjjfGp5XOYEg%3D%3D&trk=flagship3_search_srp_jobs,H√≠brido,No encontrado,"üîç ¬°Estamos sumando un/a Machine Learning Engineer al equipo de desarrollo de Bull Market Brokers!     Buscamos una persona apasionada por la inteligencia artificial, con s√≥lida experiencia en solucion...",No disponible,No disponible
2,2025-06-07,Data Engineer,Cove Brands,Argentina (En remoto),https://www.linkedin.com/jobs/view/4244979497/?eBP=CwEAAAGXSDgaE_xmuZRLjrNSyaIeVH2Qh4lCrQWpTzF7SCeJpjbAhKYfiBgzLH2SvMgu-L2xvVsQjIUnFyAeHPaomREoHVZXBqQPHdtcsn3WqSa1vwwDjKB2ANjREx9_GA3c7gQcxq-Ufxn5A0IP4LGtaRQODY3gTyulmQNiKyCvtxROAZoeQzAvwmEocBSZR8snfAgzXZ6HKo6RCg_o_Fz68iM_lcaCsQsr1L9yD9zeVM4LCQJcoO6L89MRJcn_uK0xnEXSj0GnY689KCrK11i8Cd2Zo_moXJ9OMEm54_sLeHF1rVWDDn0eW_ewt9QBDzFTQ-v3B3XMyeA4ZncfNAGZdxiZZdj1r6xTKZXxn265e1QSWw3KXbjoq5u9CEU9nGJQb1W9c7SGYwKo2vMrXMoci3585v5isCbPo-9BIl0yF2ztp-OjNhLM2nDQsHxTXyyMW4i0tAmk3O_l5h9C_2YhljtWc6RtVvnX&refId=hwts1nFXfTv3c%2BEHZdoXjw%3D%3D&trackingId=kgvlUq1P%2BiaKbmZzZXVDvg%3D%3D&trk=flagship3_search_srp_jobs,Remoto,No encontrado,Role Overview  We are looking for a versatile and motivated Data Engineer with a passion for AI-driven innovation to lay the groundwork for our company-wide data infrastructure. This is a foundational...,No disponible,No disponible
3,2025-06-07,Python Developer SSR,SHIFTA,Argentina (En remoto),https://www.linkedin.com/jobs/view/4240469682/?eBP=CwEAAAGXSDgaE8TNTispUJjeAgTdyv6RH7X0cMrHuD8RZjQfM_kSEPLpV-VMlgBqh44nbOCF-o-EsLRXjQOYn780UDqfXuoM8lGQKKtMcZpqmtT6pI2OY658q4FFd6r45qz-3Ni9GUDorNCsOVwzbNnOUJ7CFA011esYntM_GouUA15BZZNxIWk5azavYdhkiDGfpUSjonICuLC6qnlT63DmWMaKg2P1Leg4D1i2FAWxua_F7d9eRxgqWAI1PTHAxzniRUx3RuN56xIJC5bEvx1C044cj76l2o0Ysfp7DsOuuBiG0hFaJCbuDiT9XD1mf_I1UIK5P_9bjpqqCNnH1d4mTljxO_IXHW3-5ntVm4Cf_4xSwksVZicIVlHcTVIaz2HaghECNsDu5jKKQuQjBAqF_StN1JzFT1JRLW_ZWgd46treCyNbn9tFnsjbNwHLdvAoUAdyI-uHe5y-v6QBKMw4sDdSYpWz7EhosP7kYD1ZgYDny3JmLiamQ7qC5eEx5rxs8z3ayxjVnHc&refId=hwts1nFXfTv3c%2BEHZdoXjw%3D%3D&trackingId=rt%2BqcAyI4%2BjMsb4ospU2Zg%3D%3D&trk=flagship3_search_srp_jobs,Remoto,No encontrado,"Python Developer SSR     We are Shifta!  Somos un Digital Product Studio con el objetivo de innovar, evolucionar y resolver necesidades tecnol√≥gicas de negocio. Nuestra Tribu est√° conformada por +65 S...",No disponible,No disponible
4,2025-06-07,"Artificial Intelligence Engineer, IgniteTech (Remote) - $100,000/year USD",Trilogy,Buenos Aires y alrededores (En remoto),https://www.linkedin.com/jobs/view/4244027051/?eBP=CwEAAAGXSDgaE0BRojveYKzCiHG186wJEuKXi6_dNlae0m1go0iMrq_vEBEI2s2xi9yHIuP56sFcol-rrrKCgCCQIcsYmUuxvDTBlFhDm29FnEIADjtCw9N9Abb7w0T6kDM2NXfpSi74Dt8FTXrhKV6hdk_QhaL3IVaY1-mH0gqKRCGdcblY0mdcChy-ZVEKYHQsza40-QBilKFKRiwp-8JPXZMkbEdGm3WcQYXw-Uf7yOEyqTZ7CvWpmiAePdCtuhBjqeuX4c7QSNZpLuMYq0x530uOc2k5Q5PaFTsb41Ec2-PumpqNjXDFaoITpRLH9eqbkOLQ0ZwFTKxMKu2hjO5D9ffSElqCVcvshibWujkFcERV3YLx0uCwGfCkyRzcPevqAIzB3FbSZawNOtA1OQyDZw8Cgo6i-sSWeKb1hgAYkStksOvfFnNVCLT0vFr4TgC2hAexfl8mCqN48mFdWRMFSg_9Z1ZDoFJQj-2wLDzLdtqXal-7_DWtJiGgBRUgeuTgTR_s32bTb0BMHw&refId=hwts1nFXfTv3c%2BEHZdoXjw%3D%3D&trackingId=U7zxZwSc2V6C0VER1L8TUQ%3D%3D&trk=flagship3_search_srp_jobs,Remoto,No encontrado,"Are you ready to revolutionize software development with the power of AI? At IgniteTech, we're not just adapting to the future; we're creating it. Join us to lead groundbreaking AI-driven initiatives ...",No disponible,No disponible
5,2025-06-07,Ingeniero de datos,Scanntech Uruguay,Argentina (En remoto),https://www.linkedin.com/jobs/view/4245960468/?eBP=CwEAAAGXSDgaEx01XCj_Pxhqr3kYFKih-Cq_SRJBR4tedBp5mzV67eWnQl6DavFSQc9w_rnPO7YcYNQRa5r7b0qjp5ERTtzlF7oOubfu91c957c5Ju24L3I1YvJfopLABWs0DrFGsRjEgot3kQk18XndE5vpJODMeNOgdR9HgwAPqkajiCcJCWLGilSkNYiDVVHOrVN1duPgbu32a4r4b8ftYgKqkJPhmF-Ctn_attjQ-p-T0ROLV45lyVnVOT5VP81GB1j3PEYddVMOHGHgEyLJJX6NNDSDKp22Au2v1e5YYVLKDuE42JbuQ-BZsMFLHPNGYE-EGwQCAKYHQ_hrz6lHHD68tX-cO0E7wtOOL7bkgdrD2DeOkTMUT3Wz_Lu0TqHXOOwjRwJPUtANFvGHj2nulOWKfRC1xIZ2jDofEk1FSXUe_VC97WOhm4vRJGLciIiluy80zNwU7DhFap6vAGi50KiwlFJgay0Pv1IL8cDwl-Tl9tWbQIuEOmDewcloUL3Skhwl-oPpyJwbUg&refId=hwts1nFXfTv3c%2BEHZdoXjw%3D%3D&trackingId=b%2FptNcLAsmO0jijLgnCxIQ%3D%3D&trk=flagship3_search_srp_jobs,Remoto,No encontrado,¬°En Scanntech nos encontramos en b√∫squeda de Ingeniero de datos para sumarse al equipo de Big Data!     Nos encontramos en b√∫squeda de ingenieros de datos con al menos 4 a√±os de experiencia para unirs...,No disponible,No disponible
6,2025-06-07,Machine Learning & AI Engineer,Alabama Solutions,Argentina (En remoto),https://www.linkedin.com/jobs/view/4230949611/?eBP=NOT_ELIGIBLE_FOR_CHARGING&refId=hwts1nFXfTv3c%2BEHZdoXjw%3D%3D&trackingId=YfeRlwwT7EmbZBMeE43ecg%3D%3D&trk=flagship3_search_srp_jobs,Remoto,2025-04-20,No disponible,No disponible,No disponible
7,2025-06-07,AI Engineer,CRAFTLabs,Argentina (En remoto),https://www.linkedin.com/jobs/view/4229122142/?eBP=CwEAAAGXSDgaEyYc-pL26AVkwgAoG_mnXe_apGmQtpdSMl8J-r7eP_8NWx2rB0WL5Qxn1twShSf2ihIseD2OR6YjeArVWjW3sMsEL2p_Yi8SXhTPrS_j82uEF3QfZciL1zdUaJb89-t0GE15Pt0VPUOUruUc_ZPLXLt8WkJWnuFPEkPeEllFJ6-4ffH1SD0AuuTJnpPw7fBRyXH94ucRQo1wiQxlUCL-VFEnGDc_TxG4FNQxZyNel5P6VfXV2J7aUzPqhvfq1qtrLFwNwfjOiZHoVfA_D-ILADO3EZnIdwh-2qKn2PT_ovhA5LZazkBMwnssRR88OXcOtwh0_NyqRXkpYlu8WTX25vv7xHxAsaPv4o98WaWAvMu-41FTl59nuO0mLkXNBTqSbjzpAFJBYgAL6WV21AH7Kcfw0ifZy4DdnHkviJ21ikw6mt6HnfvxshZqAdx5wYziMQ1ihxFg0aOkGeTFjM8pbHZDhYCAVwNhhcErgrDJI5-vNUCCr99HHEx-gdBqPDJsuz_GxHqF&refId=hwts1nFXfTv3c%2BEHZdoXjw%3D%3D&trackingId=57JqQayymySKUTGa9AQTBA%3D%3D&trk=flagship3_search_srp_jobs,Remoto,No encontrado,No disponible,No disponible,No disponible
8,2025-06-07,AI Engineer,Launchpad Technologies Inc.,Argentina (En remoto),https://www.linkedin.com/jobs/view/4234755071/?eBP=CwEAAAGXSDgaE8Av3zUUPlVKQby0wpSpfJfnyUMz64jZq00kyUUeRTQ-f5LZbi0uDl_agt4HjGA7XtiGrZeJfB62Fsa0cHujSQOzn-pI4_K0mtItDt1q8Fr8j-oUUfThtoyeIZzRfF4L8z_1ASBHbY59lWbU_IS9G_4K1CFmfOMsRPMNnYihVvNTO121gvVymeC77CKGq4N1AnJU2Su2WOMcyTk3prpiW_jqU7qsf_ghJ5nkzIGx792N83s1ARhnVcVzlRfky-3mDcc61PHOrSkWmM68X5ikkOH08LrgWZS-u8rYRA5wcQvBwVvIoYvl8_12NrQe7CGVU1V9WiuBAILdzCCtJz7tjUtZg_zpzk_F89-4QoYCaIQzUqAzSaDjiY5lLmpiwPxc5ajCqed2HFU3mg0m25Lo8xgwxIa2WzI-e_bSgo9JmoHfcfc68t-lV2TPAjdEi8pSrXSnm5qKlLx7nAzN_SrQCP1qQoJWh6Za0-_u7cYBWTiiVShDgxNwOhHUUjyPR3wc-hU&refId=hwts1nFXfTv3c%2BEHZdoXjw%3D%3D&trackingId=Th62XUWfQ9MnS5gC4Lafsw%3D%3D&trk=flagship3_search_srp_jobs,Remoto,No encontrado,No disponible,No disponible,No disponible
1,2025-06-07,Machine Learning Engineer,Bull Market,Buenos Aires y alrededores (H√≠brido),https://www.linkedin.com/jobs/view/4242465201/?eBP=CwEAAAGXSDkWOBTDRGLmcV9_Olz_uw8T1r1YADfIsTvGeDSDwBZ-rvqTK_BiPg--2MfP6w2sIv1X-kUjXZuAhJ8naz71NtM2YCiXm2d3WoCrHnanIaAMJbT8ZM3WjXfu9IsGENAqYT7DaykrgdPe3ah5EGWKFnOLJeXGfWhg-bSM2SRVOpr2EibPTtZsjiv22ciKRscELs8VxRqWsbpfwz-mWqXGddsLdRXBut72DClWD17r8Dm9mVRYPTZwceUCSmspa4y-h46I5CSONhuFmna16E9nT5Zoo_zuAzj5PNyDPia8lprXN4YG_bNE6UFt5RJ_pYklRdg5AdkM_2DXJzbsv4VlKNwQrEhtpBmt1acr2CGw5K2KhaNngG4-1pnxtxtPCnuxpjSobVcZWeMGzpMLAqqVdM_EYSgAknN9fE2Z7poHSgKkofT0WEAivzLoS2qGyvCeEfzbMhMYp504RLkccjmlJlL05Zl43H2lyuxVA9aOwlgZAvTQh8N0stAW6UeJd_wu1TN04WyrIKwCwTps0YTH8b2uUq_14NfWTw&refId=oKttUyGh9pprs8vQ7FC7%2BA%3D%3D&trackingId=4kb0%2B78uuXGbJtZaqno4Kg%3D%3D&trk=flagship3_search_srp_jobs,H√≠brido,No encontrado,No disponible,No disponible,No disponible
2,2025-06-07,Data Engineer,Cove Brands,Argentina (En remoto),https://www.linkedin.com/jobs/view/4244979497/?eBP=CwEAAAGXSDkWOfYEvtlzyToKVK1FkV3qJNemrykPR2mY86bGijh9S4COCzCPcTL_QbhaEQ0Qt-Hd923q3rLu5IJbDsF9k9diOc7cRJgqU1RYMsMD8cspAbELYhc7l-l8nuNpqClR3AYZEl2XPBeh35IJp0yI6FBosagqjuyzKxCLLbQHnGdMTMWFefiq79ck1FOcS9vks7hF_l4vmsTR7-aULk7IF1Qjy4fhp6RHPzrYVOvvaWweTiJJaf0DJQrHNGvlPiOhu0zPsB09YhDUpntBbLCsMn723Dw9QcIYeO3CeOJYazOZPgGFWIidY7ulb96088O-TfNIHjprcPYSxurdExEi7Zr4KLKes98j7tkVcWtuCyUmm7KXzbWV75cT3769YWECubGffKyCSTbHVebjjo06GMTTbtwU2pCMrstzSs8GT2UQ3ZjMMEOwWqDqt3Ed95vpQdxFQUUI6Jk_z02ums6bGXCkf8hP&refId=oKttUyGh9pprs8vQ7FC7%2BA%3D%3D&trackingId=%2Fk4S%2FW%2BGspmy%2BQZX71ThcQ%3D%3D&trk=flagship3_search_srp_jobs,Remoto,No encontrado,No disponible,No disponible,No disponible
3,2025-06-07,Desarrollador Backend,Worldsys,Buenos Aires y alrededores (En remoto),https://www.linkedin.com/jobs/view/4241273275/?eBP=CwEAAAGXSDkWObbQFTSryCs0iLtukgfD33-0C0b7LgDZV5xKwy487iI3zgSzND6y-NzQKj7w8qohfZCL_AcAim0GdrlbUHORysuD-dmvpuCpkLgWLcpjG95seEl3oOOVzdbCV_Pl_ifSA4cidHg9qpcZush2k4Ii72dzE_UC51MKlO4qepi3-b_ShADOiwPZYRUGFm8m9BrMi2XHjwT_dEqjrWBJpnW5Q9tf1KH_4swQk-KNvOsGquDqCMRvOgrXyc-8PYL9QHXCOpsNr3o-qWLJozOjmZU4ja5pvSXRnWWBtoTtmO2T2qCxelCxu7nWI0qz-l1Cqupd-FB22ttqumv4kPOVYVwp15jtFv5eqkwtKaZGGwjNW8e0AivWu0Aypn0yEuRJrcerGGK-7zQ0R97E_sGf3aNOtmvuymhLE71m0CK7ilI64OWPJOgYS081HyaXzE6yYvdM4zHzIvUJKJCfbw&refId=oKttUyGh9pprs8vQ7FC7%2BA%3D%3D&trackingId=hEGHi%2BDBdKXkQSen4YdCNQ%3D%3D&trk=flagship3_search_srp_jobs,Remoto,No encontrado,No disponible,No disponible,No disponible
4,2025-06-07,Desarrollador Python,Scanntech Uruguay,Am√©rica Latina (En remoto),https://www.linkedin.com/jobs/view/4244586788/?eBP=NOT_ELIGIBLE_FOR_CHARGING&refId=oKttUyGh9pprs8vQ7FC7%2BA%3D%3D&trackingId=W2KDIs1lyWABgyMvaoj7vw%3D%3D&trk=flagship3_search_srp_jobs,Remoto,2025-06-04,No disponible,No disponible,No disponible
5,2025-06-07,Python Developer,Mercor,Am√©rica Latina (En remoto),https://www.linkedin.com/jobs/view/4244509165/?eBP=NOT_ELIGIBLE_FOR_CHARGING&refId=oKttUyGh9pprs8vQ7FC7%2BA%3D%3D&trackingId=go95aGAwpYPDyDO%2BqVX6hA%3D%3D&trk=flagship3_search_srp_jobs,Remoto,2025-06-04,No disponible,No disponible,No disponible
6,2025-06-07,Python Developer SSR,SHIFTA,Argentina (En remoto),https://www.linkedin.com/jobs/view/4240469682/?eBP=CwEAAAGXSDkWObuYlMOoFOvNh_T5IhnDJgXlbYbhKoSUWspRFgU1xkdAifW_RohEzmARUeunajSugaf4ud1C4VEVYxUBC65cPFAwxVrNwiq03_ixiO7S5rMFEKO8onVRJM8f23qO0NYiW3cskbFyvVtsmf10kiIgWOw4ulwQRnJ7fguHasA4y5WLGgJz41rYvGMZyOXUb4KzasSUB_5_riCZ2Ah25V3NfeGg1gCpRuAgcpZ5QrrACtYXjvbtLk7UIB3jv7gmN1xm9AnKCilZyxgxUp2uDG7lHEyE2t75yA68dDYk9s8nG1GdipyduQq0Yq7JD6ozVvFAWk6LoFOn4xC_CNDptzAXmwuVkWJE-v1wd1jWxPFIbWoU61xalVUV4hBajvapO36bClBYQ44I8cWjMDzLiMtYVW_DQVHF_QirMYcIMuQc7F5mNgZMXwXTtu5BXTT-7TnW8OwUnWN0Uah1jD8s0xFDLQSwmiYb5zANj2u9tP-KltZdT_AFnjlAyPzScYYpFU3FK3w&refId=oKttUyGh9pprs8vQ7FC7%2BA%3D%3D&trackingId=C4KIrPYn5g5XJ1ak726Yfw%3D%3D&trk=flagship3_search_srp_jobs,Remoto,No encontrado,No disponible,No disponible,No disponible
7,2025-06-07,AI Engineer,CRAFTLabs,Argentina (En remoto),https://www.linkedin.com/jobs/view/4229122142/?eBP=CwEAAAGXSDkWOUo75f7ZdTXpI4qvx5g-6NAY7PiN9GnD0unibsy6V4w2PRbbVAY9H8utkUMirAC12LOYv830cBpvI4f4EsvTDqDm70TMBY2CK8X2Vw6qHnHLJLxwzTKhb2jqyOUV_JU9rBNfaRFQPtAJ0CfC5JjhPF9_8J1kvpoPnbl5dJTTfc1saql4dczn8UOH__5vt8husBfgZfFSK6ecqdJThvX0LvkqdNfmh3M10nsMs_70izeLj5nVvCyF-zJm0N4qeku28pHgqghtMbPKO1NQlzD55MCDZl69pugYeqqK-8DdvygkyhI5R1amptU5Rsq2YA8lTw-1f0mf1JthG7LaThg1GWOfDmdg46Zn7GMhg81tZDE5PJAiWUwGuIu9z3Jy1cLXFpuSMntVCbgLHs_hG21nekEAFHopWjLeSkWfBBDvomD4ZaFff2XPV68VZUjj2fN7kYzXxwYc1GzVahBZ_Dusgs9bJ-yyxi4E5Dkz7oKXHuxONL_QdQ-rP8IwRSRghkbKa4sj2g&refId=oKttUyGh9pprs8vQ7FC7%2BA%3D%3D&trackingId=oq9iytkxD2OedJY4rVD9VA%3D%3D&trk=flagship3_search_srp_jobs,Remoto,No encontrado,No disponible,No disponible,No disponible
8,2025-06-07,Machine Learning & AI Engineer,Alabama Solutions,Argentina (En remoto),https://www.linkedin.com/jobs/view/4230949611/?eBP=NOT_ELIGIBLE_FOR_CHARGING&refId=oKttUyGh9pprs8vQ7FC7%2BA%3D%3D&trackingId=LZSsaa1uI9fezJHT3uIamw%3D%3D&trk=flagship3_search_srp_jobs,Remoto,2025-04-20,No disponible,No disponible,No disponible
1,2025-06-07,Digital Project Manager,Jumpfactor Marketing,Argentina (En remoto),https://www.linkedin.com/jobs/view/4242925903/?eBP=CwEAAAGXSDoNRdNCAJdErt5Jd_lzD_a7cz14QebUnSvHim3Cb0a1CaP4nwbZmsfV_NFobS5FuHt7wuZ6xge3Iuzj4VWO3uToscy0OkCJIlk2uubJ9l9nAcBYHxte5ac7xHpe_Rd2_A6v6V3fLSWkxGbLFJYtRegnfSLrxumVUP45nNTRP2yENXhTQvO0iDfojPe6AxbYwuXajDQ7e85cHYwlKxxoroAi1fGFarE1P8Nxpz1Y28HZCffhb49ArpfIDF0lJDyxhcpaPGWpDXeN-2QOMJGf3dA7YR6NGUoNqnMIiYvDJ3yV3vYwDMtPEgQ1dxBl7m0npsiOljxCjxpY2fxO_wZlLEVzw7yzeH2xjvjoG1-AOhNyr4xpJSNKf2Zp2FCQXP1YNXkSsOVgrU1yo2pR7OsfiXZ2fIv07IrWA8QXMoYLNQnzPfjONYkjF6IzN_ya_SpilalhChaX6ijlCoTl4RE67iHihlPFhvhajfTzuBOJzbsztg-E7i8v&refId=LpUAIaUnJxG5oSh%2BjIvWgA%3D%3D&trackingId=uCALjoS8fc5V8lbHcKQXew%3D%3D&trk=flagship3_search_srp_jobs,Remoto,No encontrado,No disponible,No disponible,No disponible
2,2025-06-07,Director de proyectos de TI,Confidential Careers,Argentina (En remoto),https://www.linkedin.com/jobs/view/4242425952/?eBP=CwEAAAGXSDoNRYA0C3S7ilRlnCfIH6v5EVqNXuSaKgqWTIq0lh72EwrlwaYmBQ6JLrbtN0CAGimmNrDsnmlBb4iZmxBu_oPQ0PVrhUs6zYxn0ra4le7POnvN9R61hyE-fvozP38Lowwcm8tDfjDZ4XaigU6TqjCvCBJqngSR2G6XdOfX88zsGLC4XFZ8J08wa9x3pDuRhjVq8aYHHkZxMWmh8u7q6Wj-sd-WSkW0NP-t8cYBKoMPlfvQsZy74O8a3Vz8OhZB2yzrVZCFEZzx_u8WCmtDTo180P13W0lxi_EuFz8oy4pTdHO5vFc4JCO6r_9PO4GAky9fywfWUHklzn8H98oLj7VzzPo10RT9CY0XjnqQht29e9rjN8gKV2-QtBT-fiMjOkCqTHw3F9scVCbO9wfR-JPdplXiKjKn2SJI6rBpi8qmpX3DOZXZ4SBRyxhsXZh1bKo0jpt5PDCNPFUbv_3jdWZd-Ik5OPRODW_vIDC0I-1nxhupI_xYZwunz5T5fqs0wUmx&refId=LpUAIaUnJxG5oSh%2BjIvWgA%3D%3D&trackingId=PlqFzekFZ4i4e9Bzun2knw%3D%3D&trk=flagship3_search_srp_jobs,Remoto,No encontrado,No disponible,No disponible,No disponible
3,2025-06-07,Ingeniero de proyecto,Promocionado,ManpowerGroup Argentina,https://www.linkedin.com/jobs/view/4243849243/?eBP=CwEAAAGXSDoNRfm4ZakTE0nUFJAcE5G0HeJYxHdpfHFj-DkbM5X3ShPE9ICAReWKeawhCqjjeCkqG-lmTjBMqCP9lrkXfoQXaG6bTs2YYZ5vA6izKf3Kf58JaSBxw-TRx5R6y7q2jG0408AozYevNuvgk03wQX-dM4jAuoj1cqv1Tf86xReARNKZpzSb_BENx7CuH_s3qmT3iHt-ZYnCO8iwpcxqwdDTDHAfu68Z7ILSbDWhJBYGcWiSJ8bQGq_LsHJbt494Wk1uwfuav3uID8WUhnE671muZa-EuSn6ioGe_b-OL6f9bc9zu9mKzB-HElH_pGNOT3SLXHBOisHCb_FKdAMelegHHBiMLUlj3knnQvjSmCBQjgl0ZE2T_-NQTVSpqr3QAeu3eHD4WTKk6eWjZ3SiOJZs0XtmidulaTT5zU68TsM_bRp74F1AQUO6VeDzHZGETqwHgrt3NOEf1wLKNIDdD5SHnH36Dzag7stbrxv7zP9xbvXHVH__dosZsBMgA7SSKFoVVy0&refId=LpUAIaUnJxG5oSh%2BjIvWgA%3D%3D&trackingId=jk1NS%2BB3V5oepJX8G%2ByY8w%3D%3D&trk=flagship3_search_srp_jobs,No encontrado,No encontrado,No disponible,No disponible,No disponible
4,2025-06-07,Manager - Business System Analyst,Promocionado,PwC Argentina,https://www.linkedin.com/jobs/view/4218918936/?eBP=CwEAAAGXSDoNRcVwQtf_ZKjdvTP30CJrcbDZ4nHcH1z-xiDlPaO49XIY8cbNmMS2Y7nUqmc1G8aV0vumgJ9VoZFA4ztD_2piMTVyPR6En5MA-Pwa6H0PGYdsqoGnC6gvu2LbskErCp8O7-cgGJtcAbAkD0GBjHXsz198p_VTiebDpUyeTR5pUb6JovjeRNLt4n0euP32FOjx0pPWbMPDIs4x4peFURTXMEC6a3hegBDHIgwcErTFYzZqwWACdOCHpN3JJm0D86DlDcdvRwTd28ZpyoYrweeYyYzFBLWtFw_ry4s_ZXO4dvmfKEV9dHkMQAJzMSviKKQ46WvWQpeJbOK2BKZiAvHN8tPbHT1bUUS0A_eJSQobUbpieL4V4oIS6u0spQ3v_URLcACEmk7nkg_Zy_YzHUvbkE_LoPuGc_iflmTxtanvP-NeBuBwDxm1GgPXgrzOJKSwPXL8Lix_Vo7wX_Tjo5WbYFLHNLVwVJYECZEnXYTie86sftLBmpbkswveK7_Lng&refId=LpUAIaUnJxG5oSh%2BjIvWgA%3D%3D&trackingId=Toggh9wn7SxfXs7z%2Bc%2FvuQ%3D%3D&trk=flagship3_search_srp_jobs,No encontrado,No encontrado,No disponible,No disponible,No disponible
5,2025-06-07,Junior Project Manager,Virtustant,Am√©rica Latina (En remoto),https://www.linkedin.com/jobs/view/4242763977/?eBP=NOT_ELIGIBLE_FOR_CHARGING&refId=LpUAIaUnJxG5oSh%2BjIvWgA%3D%3D&trackingId=OcEwW1lGHKwzBIXfzIzlvg%3D%3D&trk=flagship3_search_srp_jobs,Remoto,2025-06-06,No disponible,No disponible,No disponible
6,2025-06-07,IT Global PMO Procurement Specialist,CEVA Logistics,Buenos Aires y alrededores (Presencial),https://www.linkedin.com/jobs/view/4233732395/?eBP=CwEAAAGXSDoNRZLjJSQ5CbnNh53ApgdtRphjYgM-5ABHk8yuFNfcYJCdv9u6ldfvCARlLhtie0BipxsBzE_nQ3Q-krimNDPYIBwMxGPEb3v7AmQYCJHSNH3clSe4pZEDHFuZcN72sPFqbxmwpXA3vgnCVAwuSGnCRJTf6KW57l6n9TRfaYS-_7qXuYtf4N4iq0vUe8sYX1W-jmbB2WRGxSqGLrSYVOJ1e_o4cNNFqt34jkbvrjLV9ynY_pvOp9PjgoEOOSv0ATtshOkFSTWIIlVj4W3TuMor5yUDTD2OicKBFvix-2h5G_0wBRwvu0hps6N_tcN8rYCekc8EUh_zstYowb9G_aPnoLNuGdokOudgLASoqBu8TyI3gp7AKFyCUeou8xtS6vygDHcUAnSOdFl11zkOC1rByclUtuiV9NKUZW3zl958h9BhWzuv12CN9VDX-sHRGPw8VqIgwxweKSL2OcH59O1eawyIRbDz35vAf_0JmZaZ7QaOdcXOy9dmhvU0hythiyLJ&refId=LpUAIaUnJxG5oSh%2BjIvWgA%3D%3D&trackingId=bgQyamVN5JFo9VaiLiwIyA%3D%3D&trk=flagship3_search_srp_jobs,Presencial,No encontrado,No disponible,No disponible,No disponible
7,2025-06-07,Project Manager,BM Digital,Argentina (En remoto),https://www.linkedin.com/jobs/view/4243666471/?eBP=NOT_ELIGIBLE_FOR_CHARGING&refId=LpUAIaUnJxG5oSh%2BjIvWgA%3D%3D&trackingId=qYqAHU%2Bxd%2Bd6vqlBxA7cVQ%3D%3D&trk=flagship3_search_srp_jobs,Remoto,2025-06-06,No disponible,No disponible,No disponible
8,2025-06-07,Project Manager - Scrum Master,ZS,"Buenos Aires, Provincia de Buenos Aires, Argentina",https://www.linkedin.com/jobs/view/4201272319/?eBP=CwEAAAGXSDoNRaFvN8nXdhOzJHIrTZP-hFaU98M72gKdJhQWZ-4Q78aQOVFUpiaiY4MlYYK1HA72foresRlByazvvhtB1sljOQChgg9AppSmydWd0ukR8N4yDORv2igA-qM3bBFRvoiaJ8d9mZAd78bVOcM7KqieNdjAZunsvYpPX0MmMqmqIWlT97983wIb_rA3XyXkw2xDHGdrdZ47_kdKxojcuvHo0fBtGf5MSyqPb5A8w8qVjIMO4hvoua_J8TA0rHNNl5RynXCQBkOE__QRCUemXEPlRk4HkctvgsCg9v3wiON7C6mpVewrrffLrtad8JCOYn4kiSm7Ao_qg9E9PesrE_oOznvWnYY2umtSXiXIdBA0Wi8cPLKslRzel0Kl6eek8ugOej-aXInOKvEYSAthTFnRmbMl-IE3KuHiI0joJ6luQcgcDZIBoh7Jjm3-k1V3kMyNnlV3fy79EG37rIi55wJ2uSp0wdE1RcVG7W8hSRICbET4F012Ptb-nwhEr8izZ4JaxkNb7A&refId=LpUAIaUnJxG5oSh%2BjIvWgA%3D%3D&trackingId=ZXdmfOLhiXdNmssc8G77kA%3D%3D&trk=flagship3_search_srp_jobs,No encontrado,No encontrado,No disponible,No disponible,No disponible
