producto,precio,vendedor,ubicacion,reputacion_vendedor,fecha_extraccion,url_producto,disponible,envio_gratis,categoria
Notebook Lenovo Slim 3 Core I5-12450h Fhd 16gb 512gb Win11,$1.183.595,Por PC CENTER COMPUTERS,No disponible,No disponible,2025-06-07,https://click1.mercadolibre.com.ar/mclics/clicks/external/MLA/count?a=q6O5TMysF7tc2q3B6trt%2FrG2Bb4TsciRbdLKd%2F45CwZRwkdlS%2FQDXC%2BDbqvJNKkozdHT%2BegLUs3rgKVpTeGr7%2FLe6wZS3bY%2Fbeo2UTUTwkr%2Fg%2BgWxe5LAzJfZ1%2Fus0B%2FRRjggBxY5Q3DPxuHvpTfu7rrHev52jWzAuu3dTQuS23oWuCb%2BXbKYOAtdsPCforaizl5NJxYo2N5v2wy93AkRAuO2pSEPK%2B13TOWybLwDeEgjKoKabcxSUXmcHEDqv8R3jHUn%2B416rRuTkJGN9ntdVGGQpxJ0hy1HvhOe65r%2FPwH4chFjjPmYpPmBoPIxQGB9OCRVV5elR71ihhx4lRwgeqhGcvjNLMneXr6KAj%2FffgLQy2JTbn5gekl1RQ05DU6ub1j49nF5NaAHDuF4UuTqIxAFspmoSZ41vTW%2FyAv6ej1USWmGV9M2X5Gev9XNAJBpe3b6CStl8y4vp%2FE6fNZmyaA%2BhsrmSWppql6XLX6fGfgQdrozeMPEYWjzcegAAyPgXGN7ycu1JSvA6GMlppGCQjzw0RMFR5NMCIP34sLd8HbbDlsiEdVPd4A7ar4m64DwCn7SedwwSc5lUHF5lhN81p6FA4TwpogU4ZvB7X%2BwWHMkIAQxCAFqNC9mMzGqfTgou%2BSWRZtdd8xcgUCK%2BZo%2BdMV8mUJfyN8fkG3bwflw%2FRB3TvREVX5QgQcbhZ7sOSLNrGlNJJr6ywKxxOuWRxCln7jtI275YDywKgUWephCFZI5Zx12TmmGLyw4OvkLMptgpAuqng3MT7uiUXb2vvgwTe0BwnIQ1tNK9wxn3x3HRuQM9xEOQP%2F7rEZlTVpIbEWBvuurhE9yBvlqpUMbHzzpfr9ZgrbhAfGYH6EousFgaOqI%2FuekPjfpir1lSM%3D&searchVariation=187418459607&highlight=false&headerTopBrand=true#polycard_client=search-nordic&tracking_id=ea591172-3182-4c9f-ad6d-e76e3e4eb095,Sí,Sí,notebook
Notebook Hp 255 G10 Amd Ryzen 7 7730u 32gb Ram 1tb Ssd W11,$1.528.295,Por PC CENTER COMPUTERS,No disponible,No disponible,2025-06-07,https://click1.mercadolibre.com.ar/mclics/clicks/external/MLA/count?a=%2FsRmEMcUvzzEmo82taC8DVBqM1wLdODEwFSK%2Fnot8uB5xlJjG3pOCwfyLHOrtF9vwLic7CjD%2BgxNJ2tc2T4Jhow5xexPLB8bYPp7pKojoog9iQ%2FmhctDgtkDojc%2Fp%2FyqysBQmNLWCaJEXrVMEa3dV%2BtAIMBmwVv69MYdPH5JbsdaeST9%2FioYk4YWYihNLI4JggwZNADKkgk2%2FScuO6ci%2BTp6GOG1GOCmMnZeulAHKMgQF72N75FUf4tYoyvVZAhLBmAwK38sNPYLSa407r0KEUpRvzijQDHXgCSlWBOkS2gkCXgbXCADWFR8OToEkRqqREFKVhgYMqHRL3WO%2Fp%2FzlQ8qFpm5xR24J1YMtxCa2vQRP1wuBJcfaAVNC2DaOOcX3jKFwD3dam4mJjpr4oLzU2gq4FhURIUJKp6VBnumG2WhMgOuRd%2FInnzZszjFBmH1hshvUe5X65lZPWW7lclnLPyJDWBLtYV59gVirkQTcvOj0rcKUron8MTFJFADo80UCjU%2F%2B3V2iNQ5ohu542rpQRG7B%2FMO%2B8sar9wVM5YagcpO151auoRQVYXt1%2Bxbg%2BgWh8lSZwmsCrSxZSk9lLXV5TiD%2F6pu4KrcjXb7f%2BOppV%2BB6hrJTwf4kyhlS0Zpo7xL98RxrB9ZO%2BuAptb0Vo304PNzZZbVQr595wNU7T%2FcE1XTZZlZOqtbbzarKXZpeU1V1aPPj4tHNrI7DCVSpNaM54hy8OjmPiZ8Y6ahHQlUUIOcnwUeW46aZEotpU%2BHwyMizT3vLsioNwqs2lk%2BB9HUL1wD4mJQvb8xUuwSw7G1e5lbdFXk2XLtqNSM19fqbIynPJDEXBv3GayCx4HAGmuvxF5wWxamXTENmfIUNbo8Rcrydavih2sqZzqp6jxq&searchVariation=182939263246&highlight=false&headerTopBrand=true#polycard_client=search-nordic&tracking_id=ea591172-3182-4c9f-ad6d-e76e3e4eb095,Sí,Sí,notebook
"Notebook Aspire Go Intel i3 N305, DDR5 8Gb Ram, 128Gb SSD, Pantalla 15.6"" Full HD, Windows 11 (AG15-31P-3947)",$1.051.999,No disponible,No disponible,No disponible,2025-06-07,https://www.mercadolibre.com.ar/notebook-aspire-go-intel-i3-n305-ddr5-8gb-ram-128gb-ssd-pantalla-156-full-hd-windows-11-ag15-31p-3947/p/MLA39392605?highlight=true&headerTopBrand=false#polycard_client=search-nordic&searchVariation=MLA39392605&wid=MLA1455835875&position=11&search_layout=stack&type=product&tracking_id=ea591172-3182-4c9f-ad6d-e76e3e4eb095&sid=search,Sí,Sí,notebook
Notebook Acer Aspire Lite Al15-41 Amd Ryzen 7 5700u 16gb Ram 512gb Ssd Graficos Integrados Radeon 15.6'' 1920x1080px 60hz Teclado Ingles Windows 11 Home Color Plateado,$1.348.999,No disponible,No disponible,No disponible,2025-06-07,https://www.mercadolibre.com.ar/notebook-acer-aspire-lite-al15-41-amd-ryzen-7-5700u-16gb-ram-512gb-ssd-graficos-integrados-radeon-156-1920x1080px-60hz-teclado-ingles-windows-11-home-color-plateado/p/MLA46160123?highlight=true&headerTopBrand=false#polycard_client=search-nordic&searchVariation=MLA46160123&wid=MLA2017441748&position=14&search_layout=stack&type=product&tracking_id=ea591172-3182-4c9f-ad6d-e76e3e4eb095&sid=search,Sí,Sí,notebook
"Notebook Lenovo Ideapad 1 15IAU7 Pantalla Táctil Fhd De 15,6 Pulgadas Core I3-1215u 8 Gb De Ram Ssd De 256 Gb Gris Nube",$929.999,Por PCREGISTRADA,No disponible,No disponible,2025-06-07,https://www.mercadolibre.com.ar/notebook-lenovo-ideapad-1-15iau7-pantalla-tactil-fhd-de-156-pulgadas-core-i3-1215u-8-gb-de-ram-ssd-de-256-gb-gris-nube/p/MLA37834136?highlight=true&headerTopBrand=true#polycard_client=search-nordic&searchVariation=MLA37834136&wid=MLA2018208670&position=17&search_layout=stack&type=product&tracking_id=ea591172-3182-4c9f-ad6d-e76e3e4eb095&sid=search,Sí,Sí,notebook
Notebook Exo Smart T38 Intel N4020 4gb Ssd128gb Windows 11 Color Gris,$553.845,Por EXO,No disponible,No disponible,2025-06-07,https://www.mercadolibre.com.ar/notebook-exo-smart-t38-intel-n4020-4gb-ssd128gb-windows-11-color-gris/p/MLA22826188?highlight=true&headerTopBrand=true#polycard_client=search-nordic&searchVariation=MLA22826188&wid=MLA1424712885&position=21&search_layout=stack&type=product&tracking_id=ea591172-3182-4c9f-ad6d-e76e3e4eb095&sid=search,Sí,Sí,notebook
"Notebook Samsung Galaxy Np750 Book3 15.6, Intel I7, 16gb 512gb 10 nucleos",$2.169.999,Por Mercado Libre,No disponible,No disponible,2025-06-07,https://www.mercadolibre.com.ar/notebook-samsung-galaxy-np750-book3-156-intel-i7-16gb-512gb-10-nucleos/p/MLA24848182?highlight=true&headerTopBrand=true#polycard_client=search-nordic&searchVariation=MLA24848182&wid=MLA1663063080&position=6&search_layout=stack&type=product&tracking_id=ea591172-3182-4c9f-ad6d-e76e3e4eb095&sid=search,Sí,Sí,notebook
Notebook Noblex N14x1010 14.1 Hd Intel Celeron 4gb/128gb Ssd,$470.899,Por PC CENTER COMPUTERS,No disponible,No disponible,2025-06-07,https://www.mercadolibre.com.ar/notebook-noblex-n14x1010-141-hd-intel-celeron-4gb128gb-ssd/p/MLA37505961?highlight=true&headerTopBrand=true#polycard_client=search-nordic&searchVariation=MLA37505961&wid=MLA1468477267&position=5&search_layout=stack&type=product&tracking_id=ea591172-3182-4c9f-ad6d-e76e3e4eb095&sid=search,Sí,Sí,notebook
Notebook Lenovo Ideapad 1 15ijl7 Intel Celeron N4500 12 Gb Ddr4-sdram 128 Gb Emmc 39.6 Cm (15.6 ) 1366x768px Wi-fi 5 (802.11ac) Teclado Español Windows 11 Home Color Abyss Blue,$1.264.499,Por ESPACIO ELECTRONICA,No disponible,No disponible,2025-06-07,https://www.mercadolibre.com.ar/notebook-lenovo-ideapad-1-15ijl7-intel-celeron-n4500-12-gb-ddr4-sdram-128-gb-emmc-396-cm-156-1366x768px-wi-fi-5-80211ac-teclado-espanol-windows-11-home-color-abyss-blue/p/MLA41391097?highlight=true&headerTopBrand=true#polycard_client=search-nordic&searchVariation=MLA41391097&wid=MLA1499749245&position=8&search_layout=stack&type=product&tracking_id=ea591172-3182-4c9f-ad6d-e76e3e4eb095&sid=search,Sí,Sí,notebook
Notebook Asus Vivobook X1404za Intel Core I3 1215u 24gb De Ram 1tb Ssd 1920 X 1080 Px Full Hd Windows 11 Home,$1.225.890,No disponible,No disponible,No disponible,2025-06-07,https://www.mercadolibre.com.ar/notebook-asus-vivobook-x1404za-intel-core-i3-1215u-24gb-de-ram-1tb-ssd-1920-x-1080-px-full-hd-windows-11-home/p/MLA42693825?highlight=true&headerTopBrand=false#polycard_client=search-nordic&searchVariation=MLA42693825&wid=MLA1460925105&position=10&search_layout=stack&type=product&tracking_id=ea591172-3182-4c9f-ad6d-e76e3e4eb095&sid=search,Sí,Sí,notebook
"Notebook Hp Amd Ryzen 5 7520u, 8gb Ram DDR5, 512gb Ssd, Pantalla 15.6"" Full HD, Windows 11, Color Silver",$1.057.999,No disponible,No disponible,No disponible,2025-06-07,https://www.mercadolibre.com.ar/notebook-hp-amd-ryzen-5-7520u-8gb-ram-ddr5-512gb-ssd-pantalla-156-full-hd-windows-11-color-silver/p/MLA46910915?highlight=true&headerTopBrand=false#polycard_client=search-nordic&searchVariation=MLA46910915&wid=MLA2027768126&position=12&search_layout=stack&type=product&tracking_id=ea591172-3182-4c9f-ad6d-e76e3e4eb095&sid=search,Sí,Sí,notebook
Notebook Dell Inspiron 3535 Amd Ryzen 3 7320u 8 Gb Lpddr5-sdram 512 Gb Ssd 39.6 Cm (15.6 ) Full Hd Ips 120hz Amd Radeon Graphics 610m Wi-fi 5 (802.11ac) Windows 11 Home Teclado Español Black,$1.499.999,Por Atajo,No disponible,No disponible,2025-06-07,https://www.mercadolibre.com.ar/notebook-dell-inspiron-3535-amd-ryzen-3-7320u-8-gb-lpddr5-sdram-512-gb-ssd-396-cm-156-full-hd-ips-120hz-amd-radeon-graphics-610m-wi-fi-5-80211ac-windows-11-home-teclado-espanol-black/p/MLA48939378?highlight=true&headerTopBrand=true#polycard_client=search-nordic&searchVariation=MLA48939378&wid=MLA2079922090&position=15&search_layout=stack&type=product&tracking_id=ea591172-3182-4c9f-ad6d-e76e3e4eb095&sid=search,Sí,Sí,notebook
"Apple MacBook Air (13 pulgadas, 2020, Chip M1, 256 GB de SSD, 8 GB de RAM) - Gris espacial",$868.210,No disponible,No disponible,No disponible,2025-06-07,https://www.mercadolibre.com.ar/apple-macbook-air-13-pulgadas-2020-chip-m1-256-gb-de-ssd-8-gb-de-ram-gris-espacial/p/MLA17828518?highlight=true&headerTopBrand=true#polycard_client=search-nordic&searchVariation=MLA17828518&wid=MLA1496970789&position=3&search_layout=stack&type=product&tracking_id=ea591172-3182-4c9f-ad6d-e76e3e4eb095&sid=search,Sí,Sí,notebook
Netbook Exolite L1 Intel Celeron N4020 8gb Ssd 480gb Linux Color Negro,$449.999,Por EXO,No disponible,No disponible,2025-06-07,https://www.mercadolibre.com.ar/netbook-exolite-l1-intel-celeron-n4020-8gb-ssd-480gb-linux-color-negro/p/MLA42615655?highlight=true&headerTopBrand=true#polycard_client=search-nordic&searchVariation=MLA42615655&wid=MLA1956594850&position=7&search_layout=stack&type=product&tracking_id=ea591172-3182-4c9f-ad6d-e76e3e4eb095&sid=search,Sí,Sí,notebook
Notebook Lenovo Celeron N4020 4gb 128gb 14'' Win 11 Blue,$509.999,Por PCREGISTRADA,No disponible,No disponible,2025-06-07,https://www.mercadolibre.com.ar/notebook-lenovo-celeron-n4020-4gb-128gb-14-win-11-blue/p/MLA42646225?highlight=true&headerTopBrand=true#polycard_client=search-nordic&searchVariation=MLA42646225&wid=MLA2018195560&position=9&search_layout=stack&type=product&tracking_id=ea591172-3182-4c9f-ad6d-e76e3e4eb095&sid=search,Sí,Sí,notebook
Notebook Asus Vivobook 14 Intel Core I3 1215u 16gb De Ram 512gb Ssd Full Hd Windows 11 Home,$1.362.999,No disponible,No disponible,No disponible,2025-06-07,https://www.mercadolibre.com.ar/notebook-asus-vivobook-14-intel-core-i3-1215u-16gb-de-ram-512gb-ssd-full-hd-windows-11-home/p/MLA40553594?highlight=true&headerTopBrand=false#polycard_client=search-nordic&searchVariation=MLA40553594&wid=MLA1457695649&position=13&search_layout=stack&type=product&tracking_id=ea591172-3182-4c9f-ad6d-e76e3e4eb095&sid=search,Sí,Sí,notebook
Notebook Nsx Intel Celeron N5100 8gb Ram 256gb Ssd 14.1 W11 Color Negro,$452.165,Por Htvs,No disponible,No disponible,2025-06-07,https://www.mercadolibre.com.ar/notebook-nsx-intel-celeron-n5100-8gb-ram-256gb-ssd-141-w11-color-negro/p/MLA40153477?highlight=false&headerTopBrand=true#polycard_client=search-nordic&searchVariation=MLA40153477&wid=MLA1909586374&position=16&search_layout=stack&type=product&tracking_id=ea591172-3182-4c9f-ad6d-e76e3e4eb095&sid=search,Sí,Sí,notebook
"Apple MacBook Air (13 pulgadas, 2020, Chip M1, 256 GB de SSD, 8 GB de RAM) - Plata",$841.823,No disponible,No disponible,No disponible,2025-06-07,https://www.mercadolibre.com.ar/apple-macbook-air-13-pulgadas-2020-chip-m1-256-gb-de-ssd-8-gb-de-ram-plata/p/MLA17828520?highlight=true&headerTopBrand=true#polycard_client=search-nordic&searchVariation=MLA17828520&wid=MLA1496840399&position=19&search_layout=stack&type=product&tracking_id=ea591172-3182-4c9f-ad6d-e76e3e4eb095&sid=search,Sí,Sí,notebook
"Notebook Lenovo Ideapad Slim 3 15,6 Ryzen 3 8gb ram 256gb Ssd Windows 11 Home Color Azul",$1.391.999,Por ESPACIO ELECTRONICA,No disponible,No disponible,2025-06-07,https://www.mercadolibre.com.ar/notebook-lenovo-ideapad-slim-3-156-ryzen-3-8gb-ram-256gb-ssd-windows-11-home-color-azul/p/MLA37826538?highlight=true&headerTopBrand=true#polycard_client=search-nordic&searchVariation=MLA37826538&wid=MLA2004285974&position=20&search_layout=stack&type=product&tracking_id=ea591172-3182-4c9f-ad6d-e76e3e4eb095&sid=search,Sí,Sí,notebook
"Notebook Asus Vivobook 15.6 Intel Core I3, 8gb De Ram, 128gb Ssd, Pantalla 15.6 Full Hd, Windows 11, Color Negro",$610.999,No disponible,No disponible,No disponible,2025-06-07,https://www.mercadolibre.com.ar/notebook-asus-vivobook-156-intel-core-i3-8gb-de-ram-128gb-ssd-pantalla-156-full-hd-windows-11-color-negro/p/MLA47407544?highlight=true&headerTopBrand=false#polycard_client=search-nordic&searchVariation=MLA47407544&wid=MLA1503654311&position=23&search_layout=stack&type=product&tracking_id=ea591172-3182-4c9f-ad6d-e76e3e4eb095&sid=search,Sí,Sí,notebook
Celular Zte Blade A54 128gb 4gb Ram Gris,$229.999,Por Mercado Libre,No disponible,No disponible,2025-06-07,https://www.mercadolibre.com.ar/celular-zte-blade-a54-128gb-4gb-ram-gris/p/MLA29233009?highlight=true&headerTopBrand=true#polycard_client=search-nordic&searchVariation=MLA29233009&wid=MLA1435995119&position=2&search_layout=stack&type=product&tracking_id=8c3cff31-f351-4e90-9984-8995ea273f51&sid=search,Sí,Sí,smartphone
Samsung Galaxy A06 128gb 4gb Black,$274.999,Por Samsung,No disponible,No disponible,2025-06-07,https://www.mercadolibre.com.ar/samsung-galaxy-a06-128gb-4gb-black/p/MLA41999134?highlight=true&headerTopBrand=true#polycard_client=search-nordic&searchVariation=MLA41999134&wid=MLA1940247228&position=4&search_layout=stack&type=product&tracking_id=8c3cff31-f351-4e90-9984-8995ea273f51&sid=search,Sí,Sí,smartphone
Samsung Galaxy A26 Mint,$699.999,Por Samsung,No disponible,No disponible,2025-06-07,https://www.mercadolibre.com.ar/samsung-galaxy-a26-mint/p/MLA50308347?highlight=false&headerTopBrand=true#polycard_client=search-nordic&searchVariation=MLA50308347&wid=MLA2091074606&position=8&search_layout=stack&type=product&tracking_id=8c3cff31-f351-4e90-9984-8995ea273f51&sid=search,Sí,Sí,smartphone
Smartphone Motorola Moto G55 5g 256gb 8gb 6.5 Negro,$381.103,No disponible,No disponible,No disponible,2025-06-07,https://www.mercadolibre.com.ar/smartphone-motorola-moto-g55-5g-256gb-8gb-65-negro/p/MLA42830499?highlight=false&headerTopBrand=false#polycard_client=search-nordic&searchVariation=MLA42830499&wid=MLA1501256059&position=11&search_layout=stack&type=product&tracking_id=8c3cff31-f351-4e90-9984-8995ea273f51&sid=search,Sí,Sí,smartphone
"Tcl 501 Pantalla Grande De 6,0 64 Gb Liberado Glacial Blue",$199.999,Por ProntoTec,No disponible,No disponible,2025-06-07,https://click1.mercadolibre.com.ar/mclics/clicks/external/MLA/count?a=LHpS7qqVjJIpHx%2FIxJ%2BxIjCLS%2BwthS7U%2B1tXgFxEb1pzxnfYSxGmP%2Fsm0jHQov%2B3yzGQAb9suGSGzGC7Wt%2FkPxRODoj%2Ba6f87RZ0RP4CySzYPpF%2ByS034g18ItzdNbhYqKpbJ%2FJSW%2BITpBQ%2Fo04Z7Oro9FLDs2O%2BcuKf6dhTfgcRdA533U3%2FIziuYK8BipaP4hHLyu81d9I0tIAcpKA7r6BvxRXS0Q5EBMzmi6BHrK%2BK4nXGeOhNqXjH9pNbIw9QqnBiwmt53obGcZca4aiLjuAKvIYhsqRniqXcRn%2B4HWNGbRcS%2B9USHPiNIamXkZMBH2jXPGWFem%2Bz2okT1imf3pukl1RVif9%2BGkR8%2F7oJjgt3Q3sof25pqrlbxfy3bn5VBConJhKCbK9HpryTU1v%2F78g%2BgWqVBmMlX2L3DfrFeGWyrOhYiN8Tacqio1SiCPaAsAeFuDfwcdOzRIuM%2B7wlKrVV2q%2FlchLpSWIL1mhUECkTrHJdoDh%2BggB2enN0i65QRDmDYd5TaCuW3LWaIJJ6CtVoufa0%2BpysjX58bUG0dJMJWOlopnrijpGJGFJGwvDJuJ7yk%2BetqSVj9AfTj3kYNsRWVpcCo%2FCXmeS37K8d1BzXLTpw2OkssVyRZYj%2BzIA3ADAqrcaWpHab8o%2F4LuSkVvI1Eo7yhIlGc%2FjjS27UZYPQpt8LgWICaR0B5Qw4zvTeAhBNwgdyFivhB8C5zbaEudMVSG8XduRRBuFGytuYlYxOQx8A3T6KL9SgEtXldKeEV62rFi1W5wHPqyaNa%2FrSZRmOU88KcffwHuqSMQdcRx%2BMk5mfWqVkcKjQOmRXw8G2jAso%2B02quBRmdDHlM2tKu%2FpOUHdAgbvvRJQ4E0OGJP46%2BUHWpxSxrI5lQoZdHinjDsyuO1XJpwU5udlL1r%2Blmf8uYP8EtOrpF1qOFNytfGGC4%2FnhXAaI2VTY3aZJtcir6eUTOn5fRQAq9JZ2FicFRmRCXSPw69M%2FW0kgAp1fhWoNk6GhmvMcKfQOGLvpgyfq3dyaowTnlOvnOg%3D%3D&highlight=false&headerTopBrand=true#polycard_client=search-nordic&tracking_id=8c3cff31-f351-4e90-9984-8995ea273f51&wid=MLA1998328572&sid=search,Sí,Sí,smartphone
"Smartphone Motorola Moto G04s Coral de 128 GB, 4 GB+4 GB Ram Boost Cam, 50 MP, pantalla Gorilla Glass 6.6",$178.980,No disponible,No disponible,No disponible,2025-06-07,https://www.mercadolibre.com.ar/smartphone-motorola-moto-g04s-coral-de-128-gb-4-gb4-gb-ram-boost-cam-50-mp-pantalla-gorilla-glass-66/p/MLA36337426?highlight=true&headerTopBrand=false#polycard_client=search-nordic&searchVariation=MLA36337426&wid=MLA1484143709&position=14&search_layout=stack&type=product&tracking_id=8c3cff31-f351-4e90-9984-8995ea273f51&sid=search,Sí,Sí,smartphone
Moto G85 5G Dual SIM 256 GB grafito 8 GB RAM,$474.990,No disponible,No disponible,No disponible,2025-06-07,https://www.mercadolibre.com.ar/moto-g85-5g-dual-sim-256-gb-grafito-8-gb-ram/p/MLA40699662?highlight=false&headerTopBrand=false#polycard_client=search-nordic&searchVariation=MLA40699662&wid=MLA2091103456&position=18&search_layout=stack&type=product&tracking_id=8c3cff31-f351-4e90-9984-8995ea273f51&sid=search,Sí,Sí,smartphone
Smartphone Realme C75 Dual SIM de 256 GB/8 GB con certificado Ram Color Ip69: dorado claro,$532.190,No disponible,No disponible,No disponible,2025-06-07,https://www.mercadolibre.com.ar/smartphone-realme-c75-dual-sim-de-256-gb8-gb-con-certificado-ram-color-ip69-dorado-claro/p/MLA47310464?highlight=true&headerTopBrand=false#polycard_client=search-nordic&searchVariation=MLA47310464&wid=MLA2094166870&position=22&search_layout=stack&type=product&tracking_id=8c3cff31-f351-4e90-9984-8995ea273f51&sid=search,Sí,Sí,smartphone
"Smartphone Motorola Moto G55 5g, 256 GB, 16 GB de RAM Boost y cámara de 50 MP con pantalla Ai NFC 6.5 con superbrillo, verde",$339.999,No disponible,No disponible,No disponible,2025-06-07,https://www.mercadolibre.com.ar/smartphone-motorola-moto-g55-5g-256-gb-16-gb-de-ram-boost-y-camara-de-50-mp-con-pantalla-ai-nfc-65-con-superbrillo-verde/p/MLA45645384?highlight=false&headerTopBrand=false#polycard_client=search-nordic&searchVariation=MLA45645384&wid=MLA1501119975&position=24&search_layout=stack&type=product&tracking_id=8c3cff31-f351-4e90-9984-8995ea273f51&sid=search,Sí,Sí,smartphone
Smartphone Celular Motorola Edge 50 Fusion 12gb Ram + 512gb De Almacenamiento Color Forest Blue,$772.018,No disponible,No disponible,No disponible,2025-06-07,https://www.mercadolibre.com.ar/smartphone-celular-motorola-edge-50-fusion-12gb-ram-512gb-de-almacenamiento-color-forest-blue/p/MLA46850434?highlight=false&headerTopBrand=false#polycard_client=search-nordic&searchVariation=MLA46850434&wid=MLA1489093333&position=34&search_layout=stack&type=product&tracking_id=8c3cff31-f351-4e90-9984-8995ea273f51&sid=search,Sí,Sí,smartphone
Smartphone Redmi 14c 128gb 4 Ram lanzado en 2024 + Teléfono azul estrellado,$359.828,No disponible,No disponible,No disponible,2025-06-07,https://www.mercadolibre.com.ar/smartphone-redmi-14c-128gb-4-ram-lanzado-en-2024-telefono-azul-estrellado/p/MLA43606458?highlight=false&headerTopBrand=false#polycard_client=search-nordic&searchVariation=MLA43606458&wid=MLA2005122574&position=39&search_layout=stack&type=product&tracking_id=8c3cff31-f351-4e90-9984-8995ea273f51&sid=search,Sí,Sí,smartphone
Celular Samsung Galaxy A16 6+128gb Negro,$276.188,No disponible,No disponible,No disponible,2025-06-07,https://www.mercadolibre.com.ar/celular-samsung-galaxy-a16-6128gb-negro/p/MLA45772792?highlight=false&headerTopBrand=false#polycard_client=search-nordic&searchVariation=MLA45772792&wid=MLA1495382971&position=44&search_layout=stack&type=product&tracking_id=8c3cff31-f351-4e90-9984-8995ea273f51&sid=search,Sí,Sí,smartphone
Teléfono Celular Tcl 408 (4+64) Midnight Blue Rva,$244.999,No disponible,No disponible,No disponible,2025-06-07,https://www.mercadolibre.com.ar/telefono-celular-tcl-408-464-midnight-blue-rva/p/MLA22799979?highlight=true&headerTopBrand=false#polycard_client=search-nordic&searchVariation=MLA22799979&wid=MLA1947329592&position=43&search_layout=stack&type=product&tracking_id=8c3cff31-f351-4e90-9984-8995ea273f51&sid=search,Sí,Sí,smartphone
Celular Tcl 40 Nxtpaper 8GB Ram 256 GB Opalescent,$399.999,Por Mercado Libre,No disponible,No disponible,2025-06-07,https://www.mercadolibre.com.ar/celular-tcl40-nxtpaper8gb-ram-256-gb-opalescent/p/MLA34729541?highlight=true&headerTopBrand=true#polycard_client=search-nordic&searchVariation=MLA34729541&wid=MLA1458022523&position=45&search_layout=stack&type=product&tracking_id=8c3cff31-f351-4e90-9984-8995ea273f51&sid=search,Sí,Sí,smartphone
Smartphone Xiaomi Poco C75/256g negro de 8 GB de RAM/NFC,$210.889,No disponible,No disponible,No disponible,2025-06-07,https://www.mercadolibre.com.ar/smartphone-xiaomi-poco-c75256g-negro-de-8-gb-de-ramnfc/p/MLA43266650?highlight=false&headerTopBrand=false#polycard_client=search-nordic&searchVariation=MLA43266650&wid=MLA2015917982&position=27&search_layout=stack&type=product&tracking_id=8c3cff31-f351-4e90-9984-8995ea273f51&sid=search,Sí,Sí,smartphone
Smartphone Moto G35 5g 256 Gb 8ram Verde,$314.000,No disponible,No disponible,No disponible,2025-06-07,https://www.mercadolibre.com.ar/smartphone-moto-g35-5g-256-gb-8ram-verde/p/MLA47328442?highlight=false&headerTopBrand=false#polycard_client=search-nordic&searchVariation=MLA47328442&wid=MLA2101285498&position=33&search_layout=stack&type=product&tracking_id=8c3cff31-f351-4e90-9984-8995ea273f51&sid=search,Sí,Sí,smartphone
Smartphone Moto G35 5g 128 GB Grafito,$259.999,No disponible,No disponible,No disponible,2025-06-07,https://www.mercadolibre.com.ar/smartphone-moto-g35-5g-128-gb-grafito/p/MLA41540844?highlight=false&headerTopBrand=false#polycard_client=search-nordic&searchVariation=MLA41540844&wid=MLA2093184298&position=38&search_layout=stack&type=product&tracking_id=8c3cff31-f351-4e90-9984-8995ea273f51&sid=search,Sí,Sí,smartphone
Smartphone Infinix Note 40 5g 8 Gb 256 Gb Cámara Triple De 108 Mp+ 32 Mp Dorado,$379.999,No disponible,No disponible,No disponible,2025-06-07,https://www.mercadolibre.com.ar/smartphone-infinix-note-40-5g-8-gb-256-gb-camara-triple-de-108-mp-32-mp-dorado/p/MLA42523526?highlight=true&headerTopBrand=false#polycard_client=search-nordic&searchVariation=MLA42523526&wid=MLA1501173119&position=42&search_layout=stack&type=product&tracking_id=8c3cff31-f351-4e90-9984-8995ea273f51&sid=search,Sí,Sí,smartphone
Smartphone Celular Motorola G54 Power Edition 8gb Ram + 256gb Almacenamiento Color Midnight Blue,$299.999,No disponible,No disponible,No disponible,2025-06-07,https://www.mercadolibre.com.ar/smartphone-celular-motorola-g54-power-edition-8gb-ram-256gb-almacenamiento-color-midnight-blue/p/MLA47159754?highlight=false&headerTopBrand=false#polycard_client=search-nordic&searchVariation=MLA47159754&wid=MLA2078597580&position=46&search_layout=stack&type=product&tracking_id=8c3cff31-f351-4e90-9984-8995ea273f51&sid=search,Sí,Sí,smartphone
Smartphone Moto G35 5g 256 Gb 8ram Negro,$269.783,No disponible,No disponible,No disponible,2025-06-07,https://www.mercadolibre.com.ar/smartphone-moto-g35-5g-256-gb-8ram-negro/p/MLA47317457?highlight=false&headerTopBrand=false#polycard_client=search-nordic&searchVariation=MLA47317457&wid=MLA1498208277&position=47&search_layout=stack&type=product&tracking_id=8c3cff31-f351-4e90-9984-8995ea273f51&sid=search,Sí,Sí,smartphone
Smart Tv Noblex Roku 32 Pulgadas Led Hd,$355.999,No disponible,No disponible,No disponible,2025-06-07,https://click1.mercadolibre.com.ar/mclics/clicks/external/MLA/count?a=Ig14HVsNdIrZwP2u%2FYHmmRlP0%2FzG98%2BotZUrXB%2BLnV1I0UhVSm%2BwYeYhKNaHPGrgmdAWh9XFFDAgvWfWvbe8XxoZK1%2BY%2BLK4KPXkBnzTWo5YMau%2FoyelGneq2iV1QKpvhnKJsuiP19t1bxPHhgkVDg3Dd4ovHUeB7%2Ftdqjb8ZO7k7euFyjZ1bHlAh6DlivTSXTUFzILqntKqntqO%2FnoGOPTd0q2D2HZ9Lgz7UYl4GeD26jL4znyVPa9RlQjavalh17vfMcBEYdW0A%2B%2FRMnsu8TXQGecvc6R0AdOJeWy0fNLZ0UzPAnoxPebDq5DqBz0zG3bil3OIzJngQg4waox2EXVfmLdrUFOEZQIxi0Ecic4W2%2F4M%2Fo0UH8PAb3CWIlr9brqVX3wvIf7TxW3K3onWVGgNA8z9OmyZH2sFHDwj%2Bo1ARDtSeaUcUAaTj6j%2BTDzGY7RhRWNnKKx6BIcXPIgObgusQPtT0fzA1bCgUIK6I5Yeepnbod%2BFY2tKxiCSqBcnCSZWrzyBmCXJnC5Gnc2nEW2ascNulvoMFU8WN75s83zxmmkhcS0jrodBrfmlR1AgnOdGt4pSNBGNaQ5zLhMkqeIqyBU2IDd0VUszlfnKlyjPXD%2FDjIjzWyu7uMs%2FKFxtrskK5J8%2BXyb%2B4koNJuU6BWiT09zUKqW7qirW9xdRDYbXM9%2FCjwLuo9oicnRvXFNGtbUAgkfxQAfFSeYmFzL7EgMG6JadaGfq5Q6%2BSAvSt5pzi3b7FIL8525xq5s7aeTxZPYp1itiVaBhndQkOux8OuY%2FH3gFar7bEnFynYha%2B0OJ%2Fu9Lp%2Fs%2Fu2cWTxBVFWJz5bqClYPn7kB1jtcdGh8IgwEu8kMPRqhMDvXTI9%2BWQTkDRXWjkhIwXqgp7Rd77ts7H9ghEytqEIQi9d8cUWG2wnOU%2FdjKULaMIalK8%2FJ7guPNuZ1vuvDWkA7cTFtp5bEvB4QSbQ9IhW2f%2BBgAYZ2LJSI%3D&highlight=true&headerTopBrand=false#polycard_client=search-nordic&tracking_id=013549f1-0bcb-4705-a0fd-1346f3cf3750&wid=MLA2073941906&sid=search,Sí,Sí,televisor
Smart Tv Led Android Tv 32 Rca R32andf Hd Bluetooth Wifi Cts,$279.999,Por Mercado Libre,No disponible,No disponible,2025-06-07,https://click1.mercadolibre.com.ar/mclics/clicks/external/MLA/count?a=E39EgfqTjV4Zg1327pqYzagj1k2WVc4X4fhCbIo0Jm8KjcSbE8hJoO9xTkguG%2BLN0CiYhd5JaAVcP96yypSM4iFHJh9TbrScxmaV5v26cnjZ3qn7g4O7Kd%2BRpCL9JQHiog7gBTQmwLdTkikaKdifqJN9u9prIrVEP6rdgimJslQzHOyL2kpAUmwRp5hN37TTZm8TAehdvZZetbahkT3ReeMIESL7GunUMtOQs4JG3l5hgbXa%2B1MdmCwaFbkQCZjbev6AzsVfPAC8LEV9Wv4uNts0SjWAZ1tBZYScj2cHBog3R0772IJwx%2FlvB%2F2681G9jRtHUbARrTzxfgSm5eOfzgjAPQ59GsC3pJinMgb98w84ktmlAe%2FihcfL68pRaGR%2Ft%2BgGhK%2FM4wHrhME%2F7xYHuaNfzs%2FwQqBMMQeXDwnBPNMCXC5i0sZQQIWBaxA94N%2FRAGq0U2u72gRS93tPAMuKOjnhNjEzq%2Bu0R%2FJilcZXYBDqXpNIUHg7NzrqbwqnLi3hGje38dQF4C8Lta0JBb0njVpYqi2kVoayhsyS%2BeHqXEBdLBK9EhJIye46AfkPC8pebVqoenvZOHCajCcgSlRni1UF7PSKTEZWa0whPOkhZq9%2BnNYEHh6y5g06Bx3KxnbPB%2BXGIqfPECeN%2FL0L6luA%2BYKt2pfL1AP5hMMESARHv%2FHmzSdY%2BZgOy%2B51pQ9wDpgUYAH98kNTaOnq7hMJAtyJsY0rsg1A8VdmPGVwZba05fUf0ZVE826%2BVmW2K%2BqM1ENJhcB0C93bUfpEDYU5vWiLeZ0bxiyKijiv4LpZ8eGLuK1mll1Tuq7zszES9OvOwZYILV2RVuTc1z79fE%2BFG5SpVIMBWHV5BDxCTsQdRQ849QUdPIe8oydX%2FqiwXAWwwHorHlUlHWTfLFGKWHSDNi0FCcQNNOQCZ3yek9P4QgEWOsrhJJtg9HADcIM8fawZzYo4YfBSCcso37LOClzSouNUqmeET2yde9yWfu7K7GT%2F%2F59PuSnFmBI%3D&highlight=true&headerTopBrand=true#polycard_client=search-nordic&tracking_id=013549f1-0bcb-4705-a0fd-1346f3cf3750&wid=MLA1411155053&sid=search,Sí,Sí,televisor
Smart Tv Philco 40 Pulgadas Led Hd Vidaa Pld40hs24,$375.999,Por PETENATTI HOGAR,No disponible,No disponible,2025-06-07,https://www.mercadolibre.com.ar/smart-tv-philco-40-pulgadas-led-hd-vidaa-pld40hs24/p/MLA42160919?highlight=true&headerTopBrand=true#polycard_client=search-nordic&searchVariation=MLA42160919&wid=MLA1469721557&position=3&search_layout=stack&type=product&tracking_id=013549f1-0bcb-4705-a0fd-1346f3cf3750&sid=search,Sí,Sí,televisor
Smart Tv Quint 32 Pulgadas Qt3-32gtv2024 Google Tv Lh,$331.999,No disponible,No disponible,No disponible,2025-06-07,https://www.mercadolibre.com.ar/smart-tv-quint-32-pulgadas-qt3-32gtv2024-google-tv-lh/p/MLA45170216?highlight=true&headerTopBrand=true#polycard_client=search-nordic&searchVariation=MLA45170216&wid=MLA1990906282&position=10&search_layout=stack&type=product&tracking_id=013549f1-0bcb-4705-a0fd-1346f3cf3750&sid=search,Sí,Sí,televisor
Smart TV TCL 32S5400AF 32'' Full HD LED,$311.999,Por Megatone,No disponible,No disponible,2025-06-07,https://www.mercadolibre.com.ar/smart-tv-tcl-32s5400af-32-full-hd-led/p/MLA27649309?highlight=true&headerTopBrand=true#polycard_client=search-nordic&searchVariation=MLA27649309&wid=MLA1872039838&position=4&search_layout=stack&type=product&tracking_id=013549f1-0bcb-4705-a0fd-1346f3cf3750&sid=search,Sí,Sí,televisor
Smart Tv Motorola Smart Tv 91mtq5500 Qled 4k 55,$1.052.999,No disponible,No disponible,No disponible,2025-06-07,https://click1.mercadolibre.com.ar/mclics/clicks/external/MLA/count?a=i3a0Am5PboN2WxJYl0EOrcLpWFhiJRTz%2BYn%2B5UXEq%2FTCCIWktS6MFdwRJQAUC2jdSCyl1nCeIG4VXXFr%2FRmeGSCclWaoBwRkdRVqiXFH25KLlFKY3kMcguxnJSQlRa172yUaEYkBkZ0TIHDDsNQ0c1qnk06sriKuQtnolAhmfEzzCwsaljZNEk9RtfoKqqpl5m5e20j%2F2UewnbGMglvMxHc8RLSePoWc3z9LxdUg7hODxO%2FtSnTL0ow9Pu8htFPO%2FvbGtNRkGpTzlBDCVQgDh%2BH2bE5jcZdy%2BF8tbfbRXpmnm573mCk5Q%2FfdOsPy2DSBPQ56IFUYKcaGK5IHPYf6On9VT6GPtsfrd8plHs%2BHOohDb6PvZGr2%2BsRMo%2Bb52l8yhroVW4c0cMbECRbyLkZ8GVizISdtfS5gItxWSFoPt7t9unSMBIA04UZI2xTTxj7Lsqy78FD%2Faz7U%2FGpxDpu6C2fMAcTScqxFcVDKE0zEhLs%2BBA%2BskmI11a7%2BXT89KKf8u0qOginBBc6WlbooTkvCnr54rcY8T%2Bn50agZjNMVEfY2IrgJMgA%2F5zBM3R8SZMxFkY6ILLCBKYpUM%2Fr81qMlHymldA4wt16b%2B%2F1BD46TYDdNsWuFdPDhwefKAk8VssVI0YkOjUtiVV1ax6wzPk4UOKdIhvTqw9d%2BXn95XmdH9J1%2Bn9KUzYN7OTWVy6htsMJk%2B39ALGCzzsUQqnIFKCYrieopzL9fbPHHA1SQ69He5PKivpbFOY%2FH1GBlef7p7NamHCyJYfowHAvhYyTfSIYUrXov5dAwnhC7bOKWuaaA49Xa9dxky%2FumWwlOqkj%2BZCe6PDS6KKe4trgpkhHgEkTWjREcBfGLw3O%2FCW%2BhQ9IfJBFg%2F2NCP7hO10l8sl9K1neiQSRpy992xxJBO2tajXBrnOpew%2BhQfLK1xUMxr%2F8%2BJbdClulfVufsi5SRC%2FCR3fqukMqcB8M74k96Q%2F7H91RpkyeFvDBtlVQVCQ%3D%3D&highlight=false&headerTopBrand=false#polycard_client=search-nordic&tracking_id=013549f1-0bcb-4705-a0fd-1346f3cf3750&wid=MLA1495612199&sid=search,Sí,Sí,televisor
Smart Tv Rca 55 Uhd Hdr Google Tv And55p6uhd,$1.227.407,Por DEL SUR HOGAR,No disponible,No disponible,2025-06-07,https://click1.mercadolibre.com.ar/mclics/clicks/external/MLA/count?a=a26km2bBnarNV6X3wpEURLbp1fvLYl%2B6znHLv7N8ajDto2eoGWXT0PdCfE0gGsibbxhpvjq3NEeZtq5MyV%2BSje6cNE5eJLM2ce%2BON5faj9FlK3WRfQ7KqyZN%2FzYxtjrNeO1RB5dVYoabZL0FRFWUjUaaVmvWgCnngUA9yMW16VEnyVDKWUCS5bmPXwk0xPDfJb%2BagbqXgUdSAR8k2gb5su%2FAI1FOBNhGZ%2BC1dh8PSh0bU%2FSXJ4VjV1ycFt1NUvwi%2FJzQfKVN7q4jsbXenr2eOkCGSW0nx%2FkdOpvvvtFvUfgAhQnm6gH4qx5mRHBc1bGxlmPEKLcn8Ngh7sc4XbeQYVNcPd0lJNyJWFpcNGYtVWc5AgGBgHMWnM29WCAZ7KVEEn%2FXjWSPe%2FkiQN%2BH4PEuTd3F21BAH%2Fbv7K455xMWJVhdKeTpzZYS7OIx9rzoIoJyu0mUtGqUf25DKNz%2BAS2%2Fty1SUJ6y4LthQvLm%2BtpBdnf8%2F9G1qZqvMqimJRsTwxCW6mofifLMNjcdgJ%2B0wRLSzxZftV5QZZnsSJwiIcUZM1K2ZhAcFipIEi2iiMLMVg7e2WmdSM6BBp6EKE2DGJsCuKID1s1gdonjYrOQbJtYvGveJumH76v0ry0%2FehPBUEo9T6gFIs6aQfi7A08GmIYYwc5tO6nHNpsp3YfDzls3zjpFJKWdkyTbV5fqbDIjsBzA3PsyN6LCZEkglyhm9IFavDzoGCTPII4qKW1dUR%2FW%2F1L2K%2BqUtnFpbgTUF3WaXDGyw5QVIH%2BX8rdDmp%2FXKfk5dw0KcTsmRsNOCJDp1rhCZK9nSZFUENc5iLxc1dg%2FcZNtVfy6xOfgbayKYl5SFahhULzuoqe6RcIlzlB7WZmab6JiKDwAOr4PANU2MkaYzvaIyAUs6%2F6wT6E8NkG74LBMQE6z9ImYVVMPVsX5n0pZ6yMoFtF8tf1vwdTkKYMDBnQU3qQOTEXbteZrZoCuNENx6NxTP1I%3D&highlight=false&headerTopBrand=true#polycard_client=search-nordic&tracking_id=013549f1-0bcb-4705-a0fd-1346f3cf3750&wid=MLA1895941964&sid=search,Sí,Sí,televisor
Smart Tv 50 Te50ug10 Led 4k Uhd Frameless Googletv,$620.999,Por PCREGISTRADA,No disponible,No disponible,2025-06-07,https://www.mercadolibre.com.ar/smart-tv-50-te50ug10-led-4k-uhd-frameless-googletv/p/MLA47487301?highlight=true&headerTopBrand=true#polycard_client=search-nordic&searchVariation=MLA47487301&wid=MLA2099169192&position=13&search_layout=stack&type=product&tracking_id=013549f1-0bcb-4705-a0fd-1346f3cf3750&sid=search,Sí,Sí,televisor
Smart Tv LG Smart Tv 43ur8750 Led Webos Uhd 4k 43 220v,$589.999,Por Megatone,No disponible,No disponible,2025-06-07,https://www.mercadolibre.com.ar/smart-tv-lg-smart-tv-43ur8750-led-webos-uhd-4k-43-220v/p/MLA27862193?highlight=true&headerTopBrand=true#polycard_client=search-nordic&searchVariation=MLA27862193&wid=MLA1893104094&position=5&search_layout=stack&type=product&tracking_id=013549f1-0bcb-4705-a0fd-1346f3cf3750&sid=search,Sí,Sí,televisor
Smart TV TCL L43S5400 43'' Full HD LED,$628.999,Por Castillo,No disponible,No disponible,2025-06-07,https://www.mercadolibre.com.ar/smart-tv-tcl-l43s5400-43-full-hd-led/p/MLA27171262?highlight=true&headerTopBrand=true#polycard_client=search-nordic&searchVariation=MLA27171262&wid=MLA1751892154&position=17&search_layout=stack&type=product&tracking_id=013549f1-0bcb-4705-a0fd-1346f3cf3750&sid=search,Sí,Sí,televisor
Tcl Qled 55c655 Uhd Google Tv-rv,$1.059.999,Por ProntoTec,No disponible,No disponible,2025-06-07,https://click1.mercadolibre.com.ar/mclics/clicks/external/MLA/count?a=ygupesjrlYJIyIQsuFO3MkLQXmL540oZIlTouhGCJNjdLRe9Pg6IS5n42WO4KA6%2F0TKgSAaw18PYX0ECatKePYUeHfxR3WCik%2BhfM7Uwj6TqWJh5l6R0SG8UIL7CXnC6CzSPeNRTgF6fCrRbJVCVGiK1oPg%2BqJ1%2FzhUg60d2nW7wb0771KRtWO%2BoPq97bdLdwymE7bS1W5enqHuD5xEPV4ghnqndzhbQToiQfXz%2FYn3kWQMZeiZp%2BKzLiPSuOw00TyBvhHiqQ5lgKstgCg8%2Ba5hwa9%2FFD9m6WlC0vl8gPzuVWnJ0tFQYRqhqkHu7l1zFe%2BnDWVvezKTaZTJMfj8VEwTUvo7UjL3fg68YmWmuZhHIUxQ6dBG0stDbhB4EFBb0YlheYBGs1WLc6AGRMAcXOw4CH3LxP6boWTxGK6lFjR6k7og92N51pAtZCD30iTV4bxaj0NPs2g7HutE1AiJWiiT8VOyFkxzSQAmDEFc%2FcJ01nNdzAo9YVW4GURcKGaiUfb4ffd5ah1vkIq2l4D2HIpZMFTfroklbOPxD1%2BhLnETaPFvciy8GQuuQy2VvOGWqcVJuPaLlNYo9dkyp3%2FxdGdY5k%2Bfki2v6W%2FQe5AE9i7uEq5PdoIGRfDKt2rv8DjeHEUxc785DqLvbISCeKqehjxgPLiMu7rJ4EFX95FKTDYjfSnDW5mWb5dD2Sa9TcM7%2BHPethWy0P2XCByrsbcBYc17Si0PqqiDmBrcpYoagX8dRwRIXTwOpzkSHKOhu%2Fc0FadeZ%2Fj9pLxC%2FHztZdmk%2BfFAuaupCfD8yofQecyke%2FBnoN1yqlR%2B%2FxEHifUa4ImWwTT2RUBUYlY6r5h0i4JlgbBXS7rwSNBJi2rsQMGGtoWEx3JzY603FNlOKM1Y5IV6IWdKOCARLScxVAWPZtFaCaYVxrVWRexO06wujLVn2TfGoPtUmHDIa460kBBmvm%2BdNiSLZbfEXv8kLab8%3D&highlight=false&headerTopBrand=true#polycard_client=search-nordic&tracking_id=013549f1-0bcb-4705-a0fd-1346f3cf3750&wid=MLA1454461719&sid=search,Sí,Sí,televisor
Tv Led Smart 32p Led Pld32hs24a Philco,$299.990,No disponible,No disponible,No disponible,2025-06-07,https://click1.mercadolibre.com.ar/mclics/clicks/external/MLA/count?a=Iu2faUZHoib3H75KIub7supOkBXzEsbGgPAZ7Q0X7rWVaAx3v0IFd%2B9ORDFYI9OVyu65Q4timBRzLFS6PrM6IKU%2FgKZ7UNUcIL8kfBkqhO8rKs1lVltcheoJx43bGDyZjHhf28xjcU8vbZdXmIlr9ZQHPmlclK%2BYuaY33OaOlffKhpAN8IAH5hFQDhNnVA9bIW%2BnAq7hMw1GkQxTzwPAflBe22OXSL%2FdMR1YPSEq7ai32QwxQWho4Q7yTd2mRG9FB5jrAMkIAZC1YNfH4pC7cN9bUGmUuPN%2FIY41%2Bcm%2BioK1wN%2FzYdGjArwNDRyqqD5BXTZPXzt3W%2BM%2FZBwtVO1UKBW7hNYb9cRLtaHJj847bwoiKseaO24mCWkQ9GPYEV%2Fce%2FZeq%2BxEBAO31TbDixayd8vmU6%2B22pSFn9YI1QwkUs2dzu5Vxd4Ms6tIXqz1BnkvF128PupzFcnsy9Z3ydBuNKLIaWRsdeI3CyTaFvmumoZNxX2ysIq7%2F3uP6CjClmp1DFxmbDtcLOxPyhGD6gt2SBvluFAYLitusVfJv16SAtF1GBuiZey9zZn8Yi6kuMQ5eKez1NqD43Lxj281VlKT0FkOZnmfaw%2F0GR6SjqAB36l3d9ojC4NegY%2FCwagYCFyRsucu9mWD0eBumb72HnL1KH%2FmLo3K0j3YTxOcA3rPCr8%2BHuYgISd86LZzsBlwwU8B1hqNO1aYVarKFqGsY9klexuT8Y4wE6e0zA%2FmKbZfJl9RQ%2BI52g%2BoDoaY%2FBhaBhdP7t1lcmaSUnsvnBTijwRSPSPTu6uf0RB4tGf33EI2VxjRMR22LpjQI%2FF5yTFq%2BC9keSZ2pgGnnt2ktObC0KPFJeQMe4as1Gq0PvtMruTrb0ftlc9pMDdbTHbpJM%2F4TKR077bZ8mGitbW%2FuRbnUeNwr5RhnWAPatHQVCL2Kv8z371cn0WVwzssfEZOAtdSwNm%2BXjUdnStlKFzLKOKT5Ie%2FfaWjMA%3D%3D&highlight=false&headerTopBrand=false#polycard_client=search-nordic&tracking_id=013549f1-0bcb-4705-a0fd-1346f3cf3750&wid=MLA1488116495&sid=search,Sí,Sí,televisor
"Smart TV Samsung 50"" Crystal UHD 4K UN50DU7000",$827.818,Por Mercado Libre,No disponible,No disponible,2025-06-07,https://www.mercadolibre.com.ar/smart-tv-samsung-50-crystal-uhd-4k-un50du7000/p/MLA46526613?highlight=true&headerTopBrand=true#polycard_client=search-nordic&searchVariation=MLA46526613&wid=MLA1480866703&position=8&search_layout=stack&type=product&tracking_id=013549f1-0bcb-4705-a0fd-1346f3cf3750&sid=search,Sí,Sí,televisor
Televisor 55P635 55'' UHD Google TV-RV LED TCL,$676.048,Por Mercado Libre,No disponible,No disponible,2025-06-07,https://www.mercadolibre.com.ar/televisor-55p635-55-uhd-google-tv-rv-led-tcl/p/MLA39228411?highlight=true&headerTopBrand=true#polycard_client=search-nordic&searchVariation=MLA39228411&wid=MLA1885117300&position=14&search_layout=stack&type=product&tracking_id=013549f1-0bcb-4705-a0fd-1346f3cf3750&sid=search,Sí,Sí,televisor
Smart tv Samsung 65 Qled Serie D 4K,$1.569.999,Por Megatone,No disponible,No disponible,2025-06-07,https://www.mercadolibre.com.ar/smart-tv-samsung-65-qled-serie-d-4k/p/MLA47647582?highlight=true&headerTopBrand=true#polycard_client=search-nordic&searchVariation=MLA47647582&wid=MLA2104777498&position=16&search_layout=stack&type=product&tracking_id=013549f1-0bcb-4705-a0fd-1346f3cf3750&sid=search,Sí,Sí,televisor
Smart Tv Led Android Tv 32 Rca R32andf Hd Bluetooth Wifi Cts,$279.999,Por Mercado Libre,No disponible,No disponible,2025-06-07,https://www.mercadolibre.com.ar/smart-tv-led-android-tv-32-rca-r32andf-hd-bluetooth-wifi-cts/p/MLA27977446?highlight=true&headerTopBrand=true#polycard_client=search-nordic&searchVariation=MLA27977446&backend_model=search-backend&wid=MLA1411155053&position=9&search_layout=stack&type=product&tracking_id=013549f1-0bcb-4705-a0fd-1346f3cf3750&sid=search,Sí,Sí,televisor
Smart Tv Toshiba 50c350lspi 50 4k Dled & Frameless Vidaa,$863.999,Por Toshiba,No disponible,No disponible,2025-06-07,https://www.mercadolibre.com.ar/smart-tv-toshiba-50c350lspi-50-4k-dled-frameless-vidaa/p/MLA38941056?highlight=false&headerTopBrand=true#polycard_client=search-nordic&searchVariation=MLA38941056&wid=MLA1441612037&position=15&search_layout=stack&type=product&tracking_id=013549f1-0bcb-4705-a0fd-1346f3cf3750&sid=search,Sí,Sí,televisor
Smart Tv Toshiba 43v35lspi 43 Pulgadas Fhd Dled & Frameless Vidaa,$499.999,Por Toshiba,No disponible,No disponible,2025-06-07,https://www.mercadolibre.com.ar/smart-tv-toshiba-43v35lspi-43-pulgadas-fhd-dled-frameless-vidaa/p/MLA36943731?highlight=false&headerTopBrand=true#polycard_client=search-nordic&searchVariation=MLA36943731&wid=MLA1870192990&position=23&search_layout=stack&type=product&tracking_id=013549f1-0bcb-4705-a0fd-1346f3cf3750&sid=search,Sí,Sí,televisor
Smart Tv Noblex Roku 32 Pulgadas Led Hd,$355.999,No disponible,No disponible,No disponible,2025-06-07,https://www.mercadolibre.com.ar/smart-tv-noblex-roku-32-pulgadas-led-hd/p/MLA47671555?highlight=true&headerTopBrand=false#polycard_client=search-nordic&searchVariation=MLA47671555&backend_model=search-backend&wid=MLA2073941906&position=19&search_layout=stack&type=product&tracking_id=013549f1-0bcb-4705-a0fd-1346f3cf3750&sid=search,Sí,Sí,televisor
Smart Tv Hyundai 43 Fhd Hyled-43fhd7a,$775.386,Por Hyundai Electronics,No disponible,No disponible,2025-06-07,https://www.mercadolibre.com.ar/smart-tv-hyundai-43-fhd-hyled-43fhd7a/p/MLA19768494?highlight=false&headerTopBrand=true#polycard_client=search-nordic&searchVariation=MLA19768494&wid=MLA1229993236&position=22&search_layout=stack&type=product&tracking_id=013549f1-0bcb-4705-a0fd-1346f3cf3750&sid=search,Sí,Sí,televisor
Heladera Side By Side Philco No Frost 428l Negra,$1.699.999,Por Philco,No disponible,No disponible,2025-06-07,https://www.mercadolibre.com.ar/heladera-side-by-side-philco-no-frost-428l-negra/p/MLA48359050?highlight=true&headerTopBrand=true#polycard_client=search-nordic&searchVariation=MLA48359050&wid=MLA1493190039&position=12&search_layout=stack&type=product&tracking_id=8f446738-72fa-4b9d-a6de-af756f4dcedd&sid=search,Sí,Sí,heladera
Heladera Whirlpool WRM39CK No Frost 340 Lts - Evox Color Inoxidable,$1.049.999,Por Megatone,No disponible,No disponible,2025-06-07,https://www.mercadolibre.com.ar/heladera-whirlpool-wrm39ck-no-frost-340-lts-evox-color-inoxidable/p/MLA38823428?highlight=true&headerTopBrand=true#polycard_client=search-nordic&searchVariation=MLA38823428&wid=MLA1980286490&position=3&search_layout=stack&type=product&tracking_id=8f446738-72fa-4b9d-a6de-af756f4dcedd&sid=search,Sí,Sí,heladera
Heladera Philco One Door Phsd179 185l Acero Inoxidable Dispenser de agua,$666.569,Por PETENATTI HOGAR,No disponible,No disponible,2025-06-07,https://www.mercadolibre.com.ar/heladera-philco-one-door-phsd179-185l-acero-inoxidable-dispenser-de-agua/p/MLA40367477?highlight=true&headerTopBrand=true#polycard_client=search-nordic&searchVariation=MLA40367477&wid=MLA2021083496&position=10&search_layout=stack&type=product&tracking_id=8f446738-72fa-4b9d-a6de-af756f4dcedd&sid=search,Sí,No,heladera
Heladera Cíclica Top Mount Siam HSI-CT225 199L 220V Blanca Cycle Defrost,$729.999,Por Siam,No disponible,No disponible,2025-06-07,https://www.mercadolibre.com.ar/heladera-ciclica-top-mount-siam-hsi-ct225-199l-220v-blanca-cycle-defrost/p/MLA15786071?highlight=false&headerTopBrand=true#polycard_client=search-nordic&searchVariation=MLA15786071&wid=MLA1963439862&position=4&search_layout=stack&type=product&tracking_id=8f446738-72fa-4b9d-a6de-af756f4dcedd&sid=search,Sí,No,heladera
Heladera Con Freezer Cíclica 277 L Blanca Drean - Hdr280f50b,$964.199,Por MERCADO LIBRE ELECTRO,No disponible,No disponible,2025-06-07,https://www.mercadolibre.com.ar/heladera-con-freezer-ciclica-277-l-blanca-drean-hdr280f50b/p/MLA45615915?highlight=true&headerTopBrand=true#polycard_client=search-nordic&searchVariation=MLA45615915&wid=MLA2045889520&position=1&search_layout=stack&type=product&tracking_id=8f446738-72fa-4b9d-a6de-af756f4dcedd&sid=search,Sí,Sí,heladera
Heladera Samsung Rt29k507js8 Inverter 308 Lts Silver Cooling Plus S/disp,$1.007.999,Por Megatone,No disponible,No disponible,2025-06-07,https://www.mercadolibre.com.ar/heladera-samsung-rt29k507js8-inverter-308-lts-silver-cooling-plus-sdisp/p/MLA26875739?highlight=true&headerTopBrand=true#polycard_client=search-nordic&searchVariation=MLA26875739&wid=MLA1432612321&position=9&search_layout=stack&type=product&tracking_id=8f446738-72fa-4b9d-a6de-af756f4dcedd&sid=search,Sí,Sí,heladera
Mini Refrigerador Digital  8 L  220v/12v Black,$259.900,No disponible,No disponible,No disponible,2025-06-07,https://click1.mercadolibre.com.ar/mclics/clicks/external/MLA/count?a=dzhFudvQBMUTHZrmjIbPIrCWfUz8NHhe6c1CnwuWyqtQQ%2FiUiP5ZQEunwdNj7XBcRwwfZ1oTeHz%2BNiJQWKy%2FIjhqp7oeMqUIiAm42nGgY09oySHRSM0e6Dm765%2F16Tat5CkBd6l2sTSK758nP6aMifQqsCrN5j7CNtvzmjKTk4KNtA0C01vt38aWR80ZWSvPJ49bNSJNRKdRVMz6Av2v4tNUEZmdyv%2FStoWbbfbTS%2Foswz85esWtndmiTldKjF8bzig90NAoq2%2BjysZJLWqAw4m%2Bv7PvFqsUw1WW2rg0oJVYh5D0ty3%2FU%2BkTEzlrk1Zsxht9pTBN2h8oadHUMtPEFtArosQDUBkyhweddLIr80TgsHb8xebVgnP6iitkL1eulj0ukaGQR%2Bna9xGy1xcYE3ViTvx8xH6pw3KycKy9WMnrN%2FtjCnULeiwZe8Wj76Z2%2FC4OSP5aqddg7LSuF%2BCI%2FoJAMxLU7Ep9BGpFObRDX0NCYKOHS0WV5fixCTE4P89tz5MgKdnaWMgIrZ3IEUqAU5aLJsoV4zcP4vJJGwYc3v%2BYzZkQhZwf75DKMFzyQ7YEQJMJgHR%2FMUeP5hZv5Fr3UJU%2BHmpFN1M1XcxQpfQmHUp2VTBYAMth7dmZtxh5yDALUqq2wvhN7H9LLb8WccLe9IxpJwfabtopP5DvTB9lTJASnxPSoeEeTQyLo12XuVtVbBwkYWtWB1lp63LcJLqo7y9JFLb2CN63VoFX3j9uOx9igFzBv2wgLScM03IjCclYTRRrK1Acnlnccckl5knNYsb0POXNo2dEmMl9AwlJkRzkHik96l4x562xKJl%2FoA53x0VZ1SBl%2FLVR29upSTNNYADbm4Pdm8XqzxcFH1cD57BaZUQF08cjc%2BPoRG%2Ba8kKZ9YknrGBAkJmnQqkKkFhXPHysWMTa%2FN8qSngV64P6dV9m3claHKBwZ6Ik0n%2FVDuYJtlTUOQ4l&searchVariation=186875979863&highlight=false&headerTopBrand=false#polycard_client=search-nordic&tracking_id=8f446738-72fa-4b9d-a6de-af756f4dcedd,Sí,Sí,heladera
Heladera Neba Sb420 Side By Side No Frost 420 Lt Acero Inox,$1.624.999,Por TIO MUSA,No disponible,No disponible,2025-06-07,https://www.mercadolibre.com.ar/heladera-neba-sb420-side-by-side-no-frost-420-lt-acero-inox/p/MLA42519261?highlight=false&headerTopBrand=true#polycard_client=search-nordic&searchVariation=MLA42519261&wid=MLA2076033522&position=5&search_layout=stack&type=product&tracking_id=8f446738-72fa-4b9d-a6de-af756f4dcedd&sid=search,Sí,No,heladera
Heladera freezer inferior no frost Samsung digital inverter 328l total neto color Plateado,$1.653.999,Por Samsung,No disponible,No disponible,2025-06-07,https://www.mercadolibre.com.ar/heladera-freezer-inferior-no-frost-samsung-digital-inverter-328l-total-neto-color-plateado/p/MLA20952359?highlight=true&headerTopBrand=true#polycard_client=search-nordic&searchVariation=MLA20952359&wid=MLA1387053355&position=2&search_layout=stack&type=product&tracking_id=8f446738-72fa-4b9d-a6de-af756f4dcedd&sid=search,Sí,Sí,heladera
Heladera Top Mount No Frost WRM42HB Blanca Whirlpool 386 Lt Color Blanco,$1.199.999,Por Megatone,No disponible,No disponible,2025-06-07,https://www.mercadolibre.com.ar/heladera-top-mount-no-frost-wrm42hb-blanca-whirlpool-386-lt-color-blanco/p/MLA41683196?highlight=true&headerTopBrand=true#polycard_client=search-nordic&searchVariation=MLA41683196&wid=MLA2026184868&position=14&search_layout=stack&type=product&tracking_id=8f446738-72fa-4b9d-a6de-af756f4dcedd&sid=search,Sí,Sí,heladera
Heladera Freezer Superior Samsung No Frost 382 L Rt38k5932sl Color Inox,$1.574.999,Por Megatone,No disponible,No disponible,2025-06-07,https://www.mercadolibre.com.ar/heladera-freezer-superior-samsung-no-frost-382-l-rt38k5932sl-color-inox/p/MLA15221027?highlight=true&headerTopBrand=true#polycard_client=search-nordic&searchVariation=MLA15221027&wid=MLA886009219&position=19&search_layout=stack&type=product&tracking_id=8f446738-72fa-4b9d-a6de-af756f4dcedd&sid=search,Sí,No,heladera
Heladera Con Freezer Drean Cíclica 314l Negra Hdr320f50n,$1.135.499,Por NOVOGAR,No disponible,No disponible,2025-06-07,https://www.mercadolibre.com.ar/heladera-con-freezer-drean-ciclica-314l-negra-hdr320f50n/p/MLA45341716?highlight=true&headerTopBrand=true#polycard_client=search-nordic&searchVariation=MLA45341716&wid=MLA1485651437&position=23&search_layout=stack&type=product&tracking_id=8f446738-72fa-4b9d-a6de-af756f4dcedd&sid=search,Sí,No,heladera
Heladera Con Freezer Dispenser Neba H240y Eficiencia A Color Acero,$536.999,Por Radio Sapienza,No disponible,No disponible,2025-06-07,https://www.mercadolibre.com.ar/heladera-con-freezer-dispenser-neba-h240y-eficiencia-a-color-acero/p/MLA41848924?highlight=false&headerTopBrand=true#polycard_client=search-nordic&searchVariation=MLA41848924&wid=MLA1936044234&position=16&search_layout=stack&type=product&tracking_id=8f446738-72fa-4b9d-a6de-af756f4dcedd&sid=search,Sí,No,heladera
Heladera No Frost Gafa Hgfn3000b 265lts Blanca,$583.387,Por azkar,No disponible,No disponible,2025-06-07,https://www.mercadolibre.com.ar/heladera-no-frost-gafa-hgfn3000b-265lts-blanca/p/MLA29374296?highlight=true&headerTopBrand=true#polycard_client=search-nordic&searchVariation=MLA29374296&wid=MLA1969578748&position=25&search_layout=stack&type=product&tracking_id=8f446738-72fa-4b9d-a6de-af756f4dcedd&sid=search,Sí,No,heladera
Heladera Bajo Mesada Siam Retro 90l Color Crema,$409.999,Por Tienda Newsan,No disponible,No disponible,2025-06-07,https://www.mercadolibre.com.ar/heladera-bajo-mesada-siam-retro-90l-color-crema/p/MLA45818950?highlight=true&headerTopBrand=true#polycard_client=search-nordic&searchVariation=MLA45818950&wid=MLA1495673247&position=18&search_layout=stack&type=product&tracking_id=8f446738-72fa-4b9d-a6de-af756f4dcedd&sid=search,Sí,No,heladera
Heladera Gafa Hgf388afp Plata Con Freezer 374l 220v,$1.476.531,Por azkar,No disponible,No disponible,2025-06-07,https://www.mercadolibre.com.ar/heladera-gafa-hgf388afp-plata-con-freezer-374l-220v/p/MLA19710495?highlight=true&headerTopBrand=true#polycard_client=search-nordic&searchVariation=MLA19710495&wid=MLA2095815150&position=21&search_layout=stack&type=product&tracking_id=8f446738-72fa-4b9d-a6de-af756f4dcedd&sid=search,Sí,No,heladera
Heladera Bajo Mesada Siam Retro 50l Color Negro,$379.999,Por Siam,No disponible,No disponible,2025-06-07,https://www.mercadolibre.com.ar/heladera-bajo-mesada-siam-retro-50l-color-negro/p/MLA45946405?highlight=false&headerTopBrand=true#polycard_client=search-nordic&searchVariation=MLA45946405&wid=MLA2017461256&position=6&search_layout=stack&type=product&tracking_id=8f446738-72fa-4b9d-a6de-af756f4dcedd&sid=search,Sí,No,heladera
Heladera Bajo Mesada Philco Phbm093b 90 L Blanca Color Blanco,$415.999,No disponible,No disponible,No disponible,2025-06-07,https://www.mercadolibre.com.ar/heladera-bajo-mesada-philco-phbm093b-90-l-blanca-color-blanco/p/MLA20995390?highlight=true&headerTopBrand=false#polycard_client=search-nordic&searchVariation=MLA20995390&wid=MLA2063658886&position=11&search_layout=stack&type=product&tracking_id=8f446738-72fa-4b9d-a6de-af756f4dcedd&sid=search,Sí,No,heladera
Heladera inverter no frost Samsung RT29K577J con freezer 299L,$1.140.000,No disponible,No disponible,No disponible,2025-06-07,https://www.mercadolibre.com.ar/heladera-inverter-no-frost-samsung-rt29k577j-con-freezer-299l/p/MLA17005892?highlight=true&headerTopBrand=false#polycard_client=search-nordic&searchVariation=MLA17005892&wid=MLA1503459439&position=15&search_layout=stack&type=product&tracking_id=8f446738-72fa-4b9d-a6de-af756f4dcedd&sid=search,Sí,No,heladera
Heladera Gafa Hgf358 Plata Con Freezer 282l 220v,$675.602,Por Casa del audio,No disponible,No disponible,2025-06-07,https://www.mercadolibre.com.ar/heladera-gafa-hgf358-plata-con-freezer-282l-220v/p/MLA19879535?highlight=true&headerTopBrand=true#polycard_client=search-nordic&searchVariation=MLA19879535&wid=MLA1487470950&position=13&search_layout=stack&type=product&tracking_id=8f446738-72fa-4b9d-a6de-af756f4dcedd&sid=search,Sí,No,heladera
